{
    "val_translation_loss": [
        0.37618149245379506,
        0.3768280523850699,
        0.3662508766335481,
        0.3837910610457564,
        0.34010033822238644,
        0.34990342638995847,
        0.4144563780024908,
        0.4662181878839585,
        0.3216361044913959,
        1.2544468617076197,
        0.35376947899693095,
        0.31893468620460447,
        0.3698067711787041,
        0.31924054701484267,
        0.3519406934808236
    ],
    "val_rotation_loss": [
        0.002027882357253769,
        0.0019058436134718364,
        0.0018297052867634752,
        0.0017204571237438013,
        0.001711784591293957,
        0.0017127695068830222,
        0.0017106621478753191,
        0.0017110583789603513,
        0.0017160732134697111,
        0.0017110152501253945,
        0.0017168581861087726,
        0.0017210416547975159,
        0.001726454694462277,
        0.0017132595672748488,
        0.0017193519358863277
    ],
    "val_translation_mean_absolute_error": [
        0.43544330263433656,
        0.4310193842353622,
        0.4236510983225456,
        0.43247492369358914,
        0.4123233182033239,
        0.41697044225984287,
        0.44376744335812496,
        0.475308255327669,
        0.4005159413115291,
        0.7508936785266551,
        0.4144278664375118,
        0.3884071906491719,
        0.42336707947554053,
        0.3882507916499986,
        0.4145244851296592
    ],
    "rotation_loss": [
        0.009400508473895819,
        0.00481339458225348,
        0.004831188187174246,
        0.004572773113792051,
        0.004538961965314943,
        0.004536036171887481,
        0.004536013566292536,
        0.004535650448942135,
        0.004536646052642215,
        0.0045377523907914495,
        0.004539371231857183,
        0.004540026982128238,
        0.004542972464488854,
        0.004545644680754651,
        0.004548707560077861
    ],
    "val_rotation_mean_absolute_error": [
        0.014039968335827695,
        0.01114849679306511,
        0.009069626556800808,
        0.004349547478244826,
        0.0032261719361727126,
        0.0030979876556458427,
        0.0028752913186799373,
        0.00296683574002919,
        0.0030532461964408145,
        0.0028492727798073055,
        0.003137244988613417,
        0.00368740824426777,
        0.003836547632823035,
        0.003320321329534201,
        0.003878268523817253
    ],
    "loss": [
        235958.06649362014,
        3501.3133384502344,
        5866.083248510646,
        6854.131190128402,
        7380.90289647446,
        5285.93800976232,
        3983.1996534662735,
        2932.096798590732,
        2177.8528382139425,
        1640.7898126162181,
        1349.7408292009814,
        985.3754568858396,
        833.6850502457379,
        617.4272565933115,
        511.2844130359527
    ],
    "translation_mean_absolute_error": [
        0.6228294257585167,
        0.4363711907308248,
        0.4113877145032458,
        0.40001774775531423,
        0.3955153679518261,
        0.3970071507488612,
        0.39910492299306344,
        0.4009085365324725,
        0.4011243566643768,
        0.4010850682779012,
        0.40084279467678985,
        0.39640523756350493,
        0.3938053801983544,
        0.3949939614288967,
        0.3904267413698208
    ],
    "translation_loss": [
        0.7364152302966572,
        0.432183766946642,
        0.40725966017258347,
        0.3863797016353575,
        0.3823549055105135,
        0.38303366782499854,
        0.3881933547921996,
        0.39213865716378027,
        0.3914168087426243,
        0.39166331501310986,
        0.38955096583613824,
        0.38508080772202496,
        0.3799131101830424,
        0.38135865712259964,
        0.3770333056018236
    ],
    "val_loss": [
        12156.520687372215,
        4787.928588729488,
        6138.927986502177,
        8537.656591356237,
        10715.81749187024,
        3856.1095157973996,
        3069.9460087758434,
        2952.8400757730983,
        1803.77535750835,
        1907.2536889607127,
        1556.0893573621136,
        626.2450297313159,
        682.765392856415,
        557.1557195311674,
        354.2097610757637
    ],
    "rotation_mean_absolute_error": [
        0.03202528414383186,
        0.014226528470815741,
        0.014254582819969589,
        0.007053526338490301,
        0.00490006897598505,
        0.004517021988457078,
        0.00446706408533928,
        0.004396167903987809,
        0.004446043120381972,
        0.004512299806508879,
        0.00460048101291384,
        0.004667302223528618,
        0.0048541627843741875,
        0.0050676828948912215,
        0.00538618482745978
    ]
}