{
    "val_loss": [
        37251.01110185773,
        17206.72174103248,
        4132.571758134716,
        3389.3313843737333,
        2181.8124739748573,
        2125.9973137646293,
        2452.0402825146293,
        2428.931677872625,
        1845.813153451402,
        1636.6907179607083,
        1812.8453039351118,
        2764.7380585904452,
        1333.0995008164184,
        1448.9082828528183,
        601.5417997873374
    ],
    "val_translation_mean_absolute_error": [
        0.479685172447026,
        0.489058059803591,
        0.44128150775717667,
        0.4362617527033337,
        0.4445553531232555,
        0.4942699603051435,
        0.5503175265612201,
        0.5084342854092233,
        0.454603230648974,
        0.4270746527723989,
        0.394815037526018,
        0.4117250585549307,
        0.4289693400154528,
        0.38836779528194004,
        0.4046508466380502
    ],
    "rotation_mean_absolute_error": [
        0.01864073945690541,
        0.01008609213245937,
        0.008966152045142495,
        0.007985700245419263,
        0.007062553461206141,
        0.006292165908122039,
        0.005707362121484808,
        0.005238150728255031,
        0.004972563967217985,
        0.004771333561555702,
        0.004710716177544988,
        0.004744544932308822,
        0.005023513576809004,
        0.005218705028853365,
        0.005087788054720618
    ],
    "rotation_loss": [
        0.00734517764196956,
        0.004655669851058404,
        0.004619607004640921,
        0.0045923576505423475,
        0.004571694518592197,
        0.004557354504052651,
        0.004548062041829441,
        0.004542589329109283,
        0.004540364892228701,
        0.004539035558158538,
        0.004538874412953673,
        0.0045400013427421265,
        0.00454373320199098,
        0.004545945926481894,
        0.004543513285624239
    ],
    "val_rotation_loss": [
        0.001754579848322405,
        0.0017568368738806331,
        0.0017609173248127892,
        0.0017404989344705103,
        0.0017249426958490706,
        0.0017305213790671798,
        0.0017160941688421773,
        0.001712272117737491,
        0.0017121791969207318,
        0.0017115827480745525,
        0.0017130723945234095,
        0.0017126563443664313,
        0.0017210003272023248,
        0.001719319422900519,
        0.0017215219094618276
    ],
    "loss": [
        834418.6139727752,
        6432.603090409969,
        4450.801535290644,
        3637.9382130062922,
        3135.5514447534415,
        2635.431278338489,
        2465.3316440399394,
        2305.8379814376012,
        2282.211160297254,
        2060.53535646459,
        1784.3381545254556,
        1525.0303344382314,
        1462.093578702235,
        1259.439766459457,
        853.4006455750097
    ],
    "translation_loss": [
        0.6529089008692759,
        0.4951601304950112,
        0.4626659018571136,
        0.4609092085360136,
        0.4462736222748022,
        0.43858307245351874,
        0.4257793071676094,
        0.4145502868306482,
        0.40710141234524294,
        0.39706259629716995,
        0.3887107634504031,
        0.3683631477454121,
        0.34684778475115946,
        0.31917684643334476,
        0.2999290777543676
    ],
    "val_rotation_mean_absolute_error": [
        0.0061449705435565076,
        0.006002040233755105,
        0.006119359708540835,
        0.0050252892977300165,
        0.004529078165226807,
        0.0045026027371222336,
        0.00358281031766254,
        0.003274556333293694,
        0.003189206851752148,
        0.003010509003659482,
        0.003154342146290942,
        0.003269901814977168,
        0.003729035992761554,
        0.003678525614371503,
        0.003835298150785171
    ],
    "val_translation_loss": [
        0.39359855889072204,
        0.45940572714661043,
        0.39743785884754507,
        0.391826171459482,
        0.42066704095128526,
        0.48116881033490755,
        0.6557395875420331,
        0.525555215233877,
        0.4273801148421033,
        0.377143039089169,
        0.31916932545857607,
        0.3578228037478691,
        0.3699509723083622,
        0.31963120424858404,
        0.3424094508822799
    ],
    "translation_mean_absolute_error": [
        0.5681466318696351,
        0.4837354149814386,
        0.4571669584973277,
        0.44645700273847283,
        0.43716059345279246,
        0.4337362332560555,
        0.42733110587474527,
        0.41990406457408297,
        0.4146197822493345,
        0.4077479534410045,
        0.4048972606188284,
        0.3924643443724024,
        0.3827513912036065,
        0.36858531232614405,
        0.356734202715615
    ]
}