{
    "loss": [
        0.43199646242374196,
        0.2864778458967315,
        0.2581679309004495,
        0.22935645090467485,
        0.21192716671432707,
        0.20158893325723976,
        0.1928710390446854,
        0.18644431998064412,
        0.18441161994066982,
        0.182588040503434,
        0.17951938364063558,
        0.17758982293105105,
        0.17553579132739977,
        0.17575715061928682,
        0.17072422702852616,
        0.17384051822739874,
        0.17324080777212664,
        0.17037564857490659,
        0.1697147330036881,
        0.16961228655517246,
        0.16709451070683168,
        0.17162000991116355,
        0.16558888783078293,
        0.1678933966022495,
        0.16561174266101622,
        0.16620028136936243,
        0.16732831414916993,
        0.167361353479045,
        0.16614225358717566,
        0.16401772920105057
    ],
    "mean_absolute_error": [
        0.46466766428716494,
        0.3587739273822706,
        0.3411474826779304,
        0.3220635894073011,
        0.30948030331316395,
        0.30148949231675604,
        0.2941185066994525,
        0.2889325043004631,
        0.2881323378671538,
        0.2867188291117992,
        0.2850728372187055,
        0.28443472067708836,
        0.28162717810513616,
        0.2825454127601093,
        0.27838129540727397,
        0.280579507568428,
        0.28026367952916653,
        0.2775936757576219,
        0.2781355876273885,
        0.27718829605214285,
        0.2746714673958118,
        0.27842126593721395,
        0.27450824240736676,
        0.2771664808332256,
        0.27395921846903115,
        0.2744229421980537,
        0.27599721324121906,
        0.2755287598260933,
        0.27443938737145906,
        0.2725269761215302
    ],
    "val_loss": [
        0.2572935801190339,
        0.20849821014353767,
        0.19361358111150184,
        0.1725717666067215,
        0.23672327805817672,
        0.1753198414698768,
        0.17877443044865604,
        0.1973533928626654,
        0.18797982310863398,
        0.1967956969312925,
        0.20494337048741934,
        0.1853596599223369,
        0.17297814719235838,
        0.18154248056019756,
        0.17587056789362324,
        0.1812732499160788,
        0.18262224332597543,
        0.17824302841338274,
        0.16410918635789024,
        0.16997244442456438,
        0.1740512391727817,
        0.16887871526810613,
        0.17633837299250144,
        0.1872639418308991,
        0.1825756021610198,
        0.18466817282848758,
        0.1743083379129808,
        0.18706093216586794,
        0.18683052557852264,
        0.1868150505395962
    ],
    "val_mean_absolute_error": [
        0.345992005400502,
        0.30128623265575327,
        0.29684729685101285,
        0.2792282858507554,
        0.3232760475889133,
        0.2823626503680542,
        0.28385354665893026,
        0.2985574318602238,
        0.2974270563750605,
        0.2940286366988741,
        0.3093472418578978,
        0.2946265740201447,
        0.280750158875627,
        0.2891211719914575,
        0.2793743515232946,
        0.28808015657711433,
        0.2873830747476239,
        0.2851888447339526,
        0.27223465885302633,
        0.27982056745765,
        0.28735099204533165,
        0.2825121744684163,
        0.2839683439570722,
        0.29158571007465767,
        0.29058855253957894,
        0.2916877685063331,
        0.28274084842761865,
        0.29045911225037463,
        0.2912255571067586,
        0.28691765998594954
    ]
}