{
    "loss": [
        0.3831710600657013,
        0.2628974826796862,
        0.23883760877145402,
        0.22124934748592223,
        0.20865114366859613,
        0.20162494803112466,
        0.19730226311317572,
        0.18798569883734004,
        0.18676625127024699,
        0.1822966382994006,
        0.18377649386941342,
        0.17991725067524517,
        0.17817481636735086,
        0.17624214982859604,
        0.1750668747095498,
        0.17562550086997183,
        0.17474146143309852,
        0.1713267630228136,
        0.1717708130577686,
        0.1707877124459018,
        0.17080118684142614,
        0.1687305597581005,
        0.1685423240757146,
        0.16740155130483392,
        0.16600366728936447,
        0.16639815624731627,
        0.1675577838321843,
        0.16516045833549278,
        0.1665575541266697,
        0.16572526855813932
    ],
    "mean_absolute_error": [
        0.43681204191264705,
        0.3427438929384365,
        0.3254939165033574,
        0.31457299674859157,
        0.304042237274934,
        0.29941402881894646,
        0.2965521784578381,
        0.2892850973245919,
        0.2891320672337037,
        0.2857415850932716,
        0.28752526123820155,
        0.2836213540404465,
        0.28250437150383073,
        0.28076839179488694,
        0.28153559325298494,
        0.2803998727998014,
        0.28032347007265074,
        0.27813938745710753,
        0.2775502984190554,
        0.2763121355475261,
        0.27683639647577535,
        0.27505012209410534,
        0.27582201836413195,
        0.27447552014253007,
        0.2739222853082665,
        0.2730368526569407,
        0.2751259903587607,
        0.2727605425792246,
        0.2739712430694142,
        0.27377346730662505
    ],
    "val_loss": [
        0.23236860341744422,
        0.2049155934467109,
        0.2797043207899871,
        0.21481718560023286,
        0.23827520647183092,
        0.2556274688879034,
        0.22235227474743094,
        0.22779284014599893,
        0.2091318132902541,
        0.20841416964574552,
        0.2231898175908654,
        0.2368104924665835,
        0.23505162148187214,
        0.1983633984776012,
        0.23171837642285162,
        0.21843343732951231,
        0.21427122970342027,
        0.20552802728051556,
        0.19524886481740242,
        0.19835016352960924,
        0.20339961033789025,
        0.20167243820227063,
        0.21302984336244274,
        0.23511821412775002,
        0.21333365076240804,
        0.2022118494656103,
        0.19302343381582385,
        0.1964389557573023,
        0.21042965774707625,
        0.20809207670983804
    ],
    "val_mean_absolute_error": [
        0.32970235411338744,
        0.30876783877532066,
        0.34767475692187527,
        0.3069601746438162,
        0.3210539068204139,
        0.3378107076720384,
        0.3126101817227821,
        0.32079929757997744,
        0.3095082062061267,
        0.30881607309458364,
        0.316816126338489,
        0.32768484265909326,
        0.3246360170573882,
        0.3022317450726899,
        0.31689346089737686,
        0.31877987015786763,
        0.3052197912423189,
        0.3072501056572529,
        0.2948816661345288,
        0.3002192819779719,
        0.30169395450502634,
        0.30800967070722907,
        0.314213631660806,
        0.32840763395474215,
        0.3066409741925776,
        0.30526275179426005,
        0.2958763416484789,
        0.2961545628505401,
        0.30713297655082245,
        0.3057257784233921
    ]
}