{
    "val_loss": [
        2397.5443261896094
    ],
    "val_mean_absolute_error": [
        38.97271504421659
    ],
    "loss": [
        0.37211561036460256
    ],
    "mean_absolute_error": [
        0.3787443146215753
    ]
}