{
    "val_loss": [
        0.2939332762708939
    ],
    "mean_absolute_error": [
        0.3762478747621002
    ],
    "loss": [
        0.26232906633087694
    ],
    "val_mean_absolute_error": [
        0.36751581830152735
    ]
}