{
    "loss": [
        0.39188778721737316,
        0.27349475950680896,
        0.23655258521542444,
        0.20785182084138812,
        0.195377105841687,
        0.1862728057599492,
        0.17788611568936646,
        0.17424737936629264,
        0.17370561295314524,
        0.1688631811061075,
        0.16883147510822522,
        0.1647937164471125,
        0.163860085475305,
        0.16388157167968256,
        0.163785254183342,
        0.16427882615911366,
        0.16248069537699475,
        0.1601801547656852,
        0.1612148163500321,
        0.15971071607850476,
        0.15881933343563143,
        0.16155726905425738,
        0.1602361100851143,
        0.16162300117698453,
        0.1565103565841753,
        0.16070161599430083,
        0.1574315115010599,
        0.16127686134604796,
        0.157453402077271,
        0.1587880670281217
    ],
    "mean_absolute_error": [
        0.4431796724158646,
        0.3517927621607916,
        0.32832714822736514,
        0.30493815003196273,
        0.29721012622841697,
        0.2905006635303346,
        0.28329929258800934,
        0.28097686846789977,
        0.28057929102208806,
        0.27716582476689366,
        0.2768129472691969,
        0.27377388308283473,
        0.2730596257401373,
        0.2731640658394736,
        0.2722463800251531,
        0.27364998658517903,
        0.2719313296629808,
        0.2707210654084375,
        0.27173927331327474,
        0.2698136724001726,
        0.2696424134781549,
        0.27082835041745834,
        0.27045263858875873,
        0.2715043174745535,
        0.2672466155529149,
        0.27089553091066026,
        0.2679181675942745,
        0.27207676240889606,
        0.26892373014850474,
        0.26924084247961927
    ],
    "val_loss": [
        0.21168239257148133,
        0.19504887640803475,
        0.24196632095289292,
        0.2352495415777862,
        0.19863893072350217,
        0.258735451426885,
        0.23201148890946535,
        0.22580022628497823,
        0.2293841004193189,
        0.21729729274392123,
        0.19724851473634508,
        0.20056797032560383,
        0.20266132931397524,
        0.21542950872492023,
        0.211862470523475,
        0.20550676110974708,
        0.22401305851578462,
        0.2019616905450297,
        0.20628774720921345,
        0.19300781280493645,
        0.21212103358304796,
        0.20581870502606925,
        0.20874808002341164,
        0.21983114053579758,
        0.20148252650159618,
        0.20207826141910648,
        0.20693403396349117,
        0.19243679738963407,
        0.1995725379156264,
        0.19606528091882708
    ],
    "val_mean_absolute_error": [
        0.32429312465360466,
        0.2994796781110599,
        0.32399404602176696,
        0.3285908616580971,
        0.3054599305298456,
        0.332422511424719,
        0.32832723423727883,
        0.32183876396463335,
        0.319685581881719,
        0.3071095582271774,
        0.3001915436087773,
        0.2928317439368671,
        0.30507278569722884,
        0.3146488159863306,
        0.3071296797677748,
        0.30656898004000893,
        0.3152735056424802,
        0.30369591499993187,
        0.30032911575587184,
        0.29396256997453685,
        0.31254872897414454,
        0.3070716273767237,
        0.31428436889667105,
        0.3041243707571345,
        0.29926679317786054,
        0.30314596978484826,
        0.30276479251927946,
        0.29006257101363503,
        0.29731023219866864,
        0.2957100630866368
    ]
}