{
    "loss": [
        0.36266188805076566,
        0.24135232328006212,
        0.21331237113417667,
        0.19676812561011364,
        0.1844868522138392,
        0.18047782838257573,
        0.17681211824261933,
        0.17562796477813694,
        0.16867892321267397,
        0.1703129607186536,
        0.164901193750517,
        0.16428277856186368,
        0.16250561705961994,
        0.16416088827416567,
        0.16229297963800027,
        0.16396719565038667,
        0.16098441651403397,
        0.16010582300111645,
        0.16013691880228098,
        0.1595588340102685,
        0.15839677140393024,
        0.16121844607657473,
        0.1595618910565992,
        0.15915354791605515,
        0.1601699070482601,
        0.15675389522381597,
        0.1596059687567861,
        0.1601410632625058,
        0.15821716816643067,
        0.1574994590244159
    ],
    "mean_absolute_error": [
        0.42460689099897053,
        0.3289211106045674,
        0.30829657791597637,
        0.2968471449208614,
        0.2871353436427511,
        0.2844221530889503,
        0.28149062414078196,
        0.28040545362773533,
        0.2751657810366679,
        0.27653075752665157,
        0.2726936498399816,
        0.27150026268984195,
        0.270556721958923,
        0.27254212350384854,
        0.2700833900220645,
        0.2717208183012634,
        0.2687689410829066,
        0.26801080973186153,
        0.2683383082237387,
        0.2675222177315511,
        0.2670117604097395,
        0.2695304124859298,
        0.26784864937760045,
        0.2672542515892986,
        0.268856585463766,
        0.265581572406595,
        0.26804419244083943,
        0.2681454738558541,
        0.2678549185122369,
        0.26711221505648547
    ],
    "val_loss": [
        0.2188709478480781,
        0.23476164121214882,
        0.26712367734219283,
        0.22189814886268558,
        0.19205970245703533,
        0.2150540634792747,
        0.19721478481545665,
        0.19066929593952936,
        0.19948437366682312,
        0.21398769160018316,
        0.18588092088026553,
        0.2156372719746557,
        0.20471431068997772,
        0.20486030409904987,
        0.19456289867807977,
        0.20658156882480652,
        0.19425275911922585,
        0.2264903227645645,
        0.21373858550702363,
        0.21083652698332314,
        0.1970676405314799,
        0.19356604076637945,
        0.18993883482517918,
        0.19013635204875576,
        0.20679660206151465,
        0.19330027206281086,
        0.20279913613526496,
        0.20146889958964195,
        0.19604787663996592,
        0.20044531221774647
    ],
    "val_mean_absolute_error": [
        0.3152763531909121,
        0.32356276216218743,
        0.34633911489815533,
        0.3203016208868371,
        0.29871758958225925,
        0.31062826914159136,
        0.29770151429637604,
        0.2975628568539732,
        0.3012841649950658,
        0.30643558785548697,
        0.2925578302717639,
        0.3092597358921373,
        0.30725786728574844,
        0.3013605334521163,
        0.29535791447342646,
        0.30329350116336423,
        0.2995170927023211,
        0.3094806417164387,
        0.30449213260377417,
        0.30700652136204415,
        0.2981799164541746,
        0.2939280011966002,
        0.29215492438841334,
        0.2918303144557872,
        0.29930647288205897,
        0.29473105546348033,
        0.30236679801298205,
        0.3007449868655192,
        0.29822257685923903,
        0.3002339450883701
    ]
}