{
    "val_mean_absolute_error": [
        0.3973093246983325,
        0.35986622565389687,
        0.3877468607096906,
        0.3431002212592726,
        0.38793190544732736,
        0.35306969316948356,
        0.3813401326427874,
        0.372662073960428,
        0.36478239020518644,
        0.3517795488347593,
        0.35973087152349564,
        0.35463009758716374,
        0.3566098775288108,
        0.37807696590014117,
        0.3686360798091184,
        0.3675256836602598,
        0.35749490917132387,
        0.3622840228839843,
        0.35558532837313983,
        0.35528005626802717,
        0.35014481134019326,
        0.36516858533957686,
        0.35468024408756776,
        0.3666143102442149,
        0.3498405409830812,
        0.3591187263083068,
        0.34321144361887285,
        0.3542104991172843,
        0.3678049033416306,
        0.35030844146191437
    ],
    "loss": [
        0.26910017256651786,
        0.1075812141346397,
        0.09736922533276034,
        0.09326949144529208,
        0.08883425556895419,
        0.0857241075426588,
        0.08048200903347974,
        0.07955197184002558,
        0.08014272339484464,
        0.0786647806177835,
        0.07874802940194713,
        0.07671548048815928,
        0.07568141864586435,
        0.07521624787599247,
        0.07472978621139256,
        0.07643547103854786,
        0.07464822864047532,
        0.07702743541226065,
        0.07358095343411179,
        0.07391044051539798,
        0.07642964234584033,
        0.07544477777416385,
        0.07574952500257735,
        0.07344174909484728,
        0.07734859473446518,
        0.07370670749390897,
        0.07399282862999079,
        0.07490610698494352,
        0.07551834042272303,
        0.07679077112217036
    ],
    "mean_absolute_error": [
        0.37941454866984037,
        0.21553101124177865,
        0.2060078797736917,
        0.20130392103899822,
        0.1968616106717081,
        0.1931339639537898,
        0.1865137492406859,
        0.18610273626014734,
        0.18622563932736041,
        0.18512436108389482,
        0.18526751690928167,
        0.18285039809594972,
        0.1823742420859614,
        0.18068155640441014,
        0.1802720597725061,
        0.18272016781134856,
        0.1803105515645879,
        0.18403805149913474,
        0.17939281544306154,
        0.1794312902286573,
        0.1821817196632467,
        0.18044039254269556,
        0.1814910303853826,
        0.17751883654458606,
        0.18269707031812765,
        0.17928026778779996,
        0.17956996697867347,
        0.18070290854134535,
        0.18158703709196655,
        0.18212302713363404
    ],
    "val_loss": [
        0.33997197142390884,
        0.28067549365087796,
        0.3261042064438205,
        0.2664976896202319,
        0.3104063572411442,
        0.26607742641505655,
        0.3055208821208949,
        0.29789723606188706,
        0.2779015617448263,
        0.26458208691234214,
        0.2776725228176727,
        0.27049834687248064,
        0.2742595280532699,
        0.3022914179040038,
        0.28917098213543985,
        0.29462266981746693,
        0.27591449297540144,
        0.28446058820758713,
        0.2724576242261782,
        0.2730374157437146,
        0.26735755200279815,
        0.2846700212720191,
        0.2731771746369838,
        0.293796432216626,
        0.2670915717310527,
        0.2768442714124607,
        0.2542152403211941,
        0.27138814620371093,
        0.2950236647669804,
        0.27072739272651003
    ]
}