{
    "loss": [
        0.45905442722636075,
        0.33227772490890606,
        0.3022000841809251,
        0.2825276839869164,
        0.2575231887995327,
        0.2419911370308172,
        0.2282056675493745,
        0.22134826197872243,
        0.21002539865387854,
        0.2087165886037459,
        0.20254038661227003,
        0.20391305613814953,
        0.19686629810501996,
        0.19270542826930617,
        0.18714981605501493,
        0.18841101302080165,
        0.18992614519813014,
        0.18530865480372932,
        0.18440552314742412,
        0.1837774689299165,
        0.17912895494200498,
        0.18258795129444702,
        0.17899030114641717,
        0.18152623444463417,
        0.17761349366313428,
        0.17792504867578357,
        0.17695942528942807,
        0.17389443149442158,
        0.17400342589511186,
        0.17210458616470037
    ],
    "mean_absolute_error": [
        0.4707543547334438,
        0.3910062380427704,
        0.36925360212604774,
        0.356765355572753,
        0.3400049474438348,
        0.3298525939915021,
        0.3192349713742575,
        0.31528683882127584,
        0.3067882322051786,
        0.30648016847567255,
        0.3019339994323735,
        0.3025211314146749,
        0.2977410168060736,
        0.2942807973953727,
        0.2904375369172156,
        0.29182343031704866,
        0.29203302539378845,
        0.2897151068956324,
        0.28797232301909703,
        0.28742085310240967,
        0.2842316786736851,
        0.2866407697703966,
        0.2846349394670638,
        0.2867994509506852,
        0.282816043468647,
        0.2835802135281186,
        0.2830741716738624,
        0.28059495995790085,
        0.280368865228351,
        0.2789123932338634
    ],
    "val_loss": [
        0.27314770979670344,
        0.23207648153141963,
        0.2691950350577178,
        0.21416767683608562,
        0.25949957420888325,
        0.25735235857897665,
        0.22340112844605153,
        0.20574996706115373,
        0.2907438440062501,
        0.23611008764428507,
        0.22102850665622084,
        0.26985111462029937,
        0.21253992102332334,
        0.20002036565001965,
        0.2198152984858596,
        0.22684076616432786,
        0.2091268725372404,
        0.21959745846001624,
        0.22765470120591538,
        0.25059175999951794,
        0.24701514938918404,
        0.21955329586151515,
        0.2450111692777742,
        0.21557293466366226,
        0.20372165616571056,
        0.17858177485985527,
        0.20639867516347718,
        0.1927256229913926,
        0.18635016400762489,
        0.22544349707930494
    ],
    "val_mean_absolute_error": [
        0.36456727389950155,
        0.31940240993494695,
        0.35436087617385664,
        0.3096005418209355,
        0.3384854957034254,
        0.33851449752736623,
        0.32119335859594766,
        0.3054000835236945,
        0.3714500035212678,
        0.3295479171262805,
        0.31733479170472756,
        0.3558212292702936,
        0.3148903105380271,
        0.3100963582911562,
        0.3226781023939134,
        0.3262271934372794,
        0.316892388175912,
        0.32150547068779634,
        0.33280487128606584,
        0.348325869742773,
        0.342454371463721,
        0.32162234999215716,
        0.3454790200342102,
        0.3180774441226178,
        0.31085544552717304,
        0.28903847293742396,
        0.3181816059324867,
        0.30364355297399304,
        0.2973248503999409,
        0.32759387807964074
    ]
}