{
    "loss": [
        0.459368813178856,
        0.31592962251567813,
        0.28643106650205175,
        0.25249160122968684,
        0.23161624494599942,
        0.21555640597727876,
        0.20503395329295773,
        0.20232531798592196,
        0.1962840456113658,
        0.18928154137908954,
        0.19308731457067263,
        0.1865182899137872,
        0.18687970072897092,
        0.18169651085482674,
        0.18065244348170018,
        0.17975702429647042,
        0.17505295890395287,
        0.17770284004637976,
        0.17589329968892717,
        0.17633181783339036,
        0.17557505549736432,
        0.1752346956106585,
        0.17469675598429782,
        0.17152695480715324,
        0.1726024987313485,
        0.17410720881475572,
        0.17203344246622218,
        0.17050614064169312,
        0.17103422800179832,
        0.17120954703248942
    ],
    "mean_absolute_error": [
        0.47482511572413255,
        0.37737342997032935,
        0.35784779887670165,
        0.3364222775551544,
        0.3226793992339046,
        0.3115367571073891,
        0.3033965142550552,
        0.30178076963409023,
        0.29727996803915047,
        0.29225078690006157,
        0.29533047462969764,
        0.2899245514500799,
        0.29053854404487933,
        0.2868920510274906,
        0.2850819424826913,
        0.28518464634266155,
        0.2811338411913018,
        0.2834328804926397,
        0.2819283371870337,
        0.2819448501265147,
        0.28157502863034134,
        0.28157523378132665,
        0.2806277376245668,
        0.27784987019410556,
        0.28029112409574874,
        0.28006656507856653,
        0.27902740402435866,
        0.2774766546687914,
        0.27806155631741836,
        0.27878773593068945
    ],
    "val_loss": [
        0.23646158685442678,
        0.3063315526229347,
        0.22446169977700695,
        0.24146907755007277,
        0.2177628314730834,
        0.2020967388864223,
        0.19086132102090797,
        0.1972292738109224,
        0.2104408041403022,
        0.20169224742091216,
        0.19089846743668445,
        0.18488804128620628,
        0.1851844982821949,
        0.1907810200763458,
        0.19432779758980284,
        0.18092384100529552,
        0.1889748356521086,
        0.18171218527762298,
        0.18691333991276682,
        0.21327868530299612,
        0.19516812656109367,
        0.19270489240253558,
        0.17332718387173093,
        0.1846495693237899,
        0.1867787663300493,
        0.17610891887101476,
        0.17691984381399417,
        0.17781928350031834,
        0.1823644120039294,
        0.19004068918641848
    ],
    "val_mean_absolute_error": [
        0.34600659316077415,
        0.3618307417286303,
        0.3174932071041403,
        0.3305085881735789,
        0.31421708163751916,
        0.3021979135265396,
        0.2920965847189512,
        0.29240840727823236,
        0.3103276798303878,
        0.30034843928451527,
        0.28862755210583757,
        0.29483129712901296,
        0.2913549451845562,
        0.295617264841788,
        0.2974418848970482,
        0.28611398274138283,
        0.29178833246286445,
        0.2885786183247631,
        0.29435731825911127,
        0.3159741430015416,
        0.29752360817021245,
        0.29801242201215333,
        0.2808087019708537,
        0.2901079971283959,
        0.2920993004219642,
        0.2890575171434449,
        0.28512370058052605,
        0.28459570792576816,
        0.28671627427844804,
        0.2935533806752817
    ]
}