{
    "loss": [
        0.35775090179518815,
        0.2406330476574315,
        0.208804632051138,
        0.18807784476784115,
        0.1836114433018645,
        0.1763859477849191,
        0.16979596702935126,
        0.16657945148648315,
        0.16570596706078658,
        0.16776547804432812,
        0.1620926126308053,
        0.16271454402153634,
        0.16067739890385596,
        0.1589464918951773,
        0.16029326180567088,
        0.1603556678827156,
        0.16114204127483384,
        0.15971553622598655,
        0.15520414148050513,
        0.15867517186494864,
        0.15509260749792128,
        0.15828920352322617,
        0.15951873348618514,
        0.15653436744079932,
        0.15606763673540414,
        0.15712754868453907,
        0.15485397380931923,
        0.1533907672240559,
        0.15518365996964414,
        0.15607718667020376
    ],
    "mean_absolute_error": [
        0.42172795245245953,
        0.32786362170144884,
        0.30539279377321277,
        0.29177300438814796,
        0.28701898543808746,
        0.2816486022199826,
        0.2767481027396431,
        0.2740798315998254,
        0.2724445250039552,
        0.2753982394815061,
        0.27027627321122305,
        0.2718934916175364,
        0.27035103267505606,
        0.2677461271690335,
        0.26974785370226245,
        0.2691965572261143,
        0.2703080719273593,
        0.26867428134865823,
        0.2655195789095291,
        0.2673572111961821,
        0.2651136565776522,
        0.26777658733042975,
        0.2681636934251685,
        0.2671886037791943,
        0.2659678023531954,
        0.26639929046308636,
        0.2653616895284227,
        0.2631225679138964,
        0.26560186969033284,
        0.2658539175880468
    ],
    "val_loss": [
        0.26198280253948103,
        0.265251661358655,
        0.2500132243079158,
        0.22547829017425788,
        0.2069206327670664,
        0.22691520756172834,
        0.22626753546468836,
        0.19764958152059572,
        0.2393893339282402,
        0.20481183801813746,
        0.21690272380784006,
        0.23036270402384243,
        0.19981719705119488,
        0.21129524204019862,
        0.1897704773993123,
        0.2044928785980256,
        0.20232766985583303,
        0.2083070544323799,
        0.22330640855288794,
        0.21169548577170783,
        0.19925939992333183,
        0.20818590748221702,
        0.19556205811435895,
        0.20467790104380207,
        0.20187236632203392,
        0.2253937735039995,
        0.2083612965505655,
        0.20236174683514171,
        0.18965400067411883,
        0.20946741459285395
    ],
    "val_mean_absolute_error": [
        0.34156027038022085,
        0.338304331048635,
        0.32829888798731466,
        0.31441776946309613,
        0.2982131461365714,
        0.32309180292876283,
        0.3193682982327294,
        0.29177552967029774,
        0.32778941113066773,
        0.29721845260914215,
        0.31121952096178274,
        0.33554815533007404,
        0.29863982908664993,
        0.3025886606773057,
        0.28148789901776744,
        0.30295623819128215,
        0.3002782355748797,
        0.2996042723314651,
        0.30661834336445526,
        0.3034149641131551,
        0.30435750715735105,
        0.2998656252786644,
        0.2988754334936666,
        0.302127540837222,
        0.299579258270625,
        0.3049379165705507,
        0.3022678645244639,
        0.29813542889506256,
        0.29610438512998083,
        0.3019267290636834
    ]
}