{
    "loss": [
        0.42157463523244876,
        0.29483732981201966,
        0.25735995922071536,
        0.23031680745103805,
        0.21041854928423612,
        0.19851283744623144,
        0.19277555532007026,
        0.18715952119405427,
        0.18274094597666352,
        0.1805628090121807,
        0.17639106813439556,
        0.1738849813785926,
        0.1746006765629752,
        0.17181815623553892,
        0.1726351450296265,
        0.171281484330509,
        0.17183997397159767,
        0.16941891287279467,
        0.16926972730287435,
        0.16976677029415363,
        0.16791782797437316,
        0.16929639095461269,
        0.16809900292252722,
        0.16822308642347789,
        0.166124848393583,
        0.1657657925130487,
        0.1642086937538009,
        0.1675230607082929,
        0.1666008827046416,
        0.16607803020961465
    ],
    "mean_absolute_error": [
        0.4545590404911469,
        0.3655004801857433,
        0.3393002040150344,
        0.3215491265995772,
        0.3071887579839479,
        0.29903570234759724,
        0.29501647409447124,
        0.29083285758750327,
        0.28724750929814613,
        0.2863023956533672,
        0.28304831968667876,
        0.28076822028323345,
        0.2810771309586752,
        0.27925856433405427,
        0.2801686601709345,
        0.2784667536675645,
        0.27916081736137155,
        0.2769451738214575,
        0.27681459883730186,
        0.2782222616867876,
        0.27616460089356243,
        0.277863921370207,
        0.2759649011498266,
        0.2764714895777262,
        0.27510545817510307,
        0.27483352439205166,
        0.2724403250970405,
        0.27515572702488417,
        0.27532560055711625,
        0.2745277202221508
    ],
    "val_loss": [
        0.1897803003969701,
        0.2665733054571536,
        0.21187758474800322,
        0.23326590290501212,
        0.20965438196071,
        0.18661247624642702,
        0.2012803616613197,
        0.20435128484990037,
        0.17651375985445827,
        0.17112999955909486,
        0.2036381230285221,
        0.19225860043816148,
        0.2087443053877849,
        0.19749169827922347,
        0.19442032553563773,
        0.17507320696489506,
        0.1938112849996088,
        0.19727623234554875,
        0.18883323434427887,
        0.2036676635842616,
        0.20009798701455117,
        0.19181659070487211,
        0.19116407153887463,
        0.19258074006194253,
        0.1895228249888799,
        0.17119057414657907,
        0.18150654125390445,
        0.19407355163412984,
        0.18878934077642692,
        0.18613041200227204
    ],
    "val_mean_absolute_error": [
        0.29966403738320696,
        0.354595261993729,
        0.30408418869833026,
        0.3338223830213466,
        0.3154978919734747,
        0.2978149754847469,
        0.306772322478979,
        0.31112193755386297,
        0.287000870895661,
        0.28262572469003894,
        0.306484724011375,
        0.29952276061682503,
        0.3130433650968118,
        0.3041342895462191,
        0.30100903121434197,
        0.29329150301382545,
        0.29951707066892946,
        0.3043497599969814,
        0.29714904842411827,
        0.30640730580152853,
        0.30687747884644573,
        0.29711150696536726,
        0.2996147101173561,
        0.30202790763181675,
        0.29601239689453773,
        0.2879834207004201,
        0.28832994714664045,
        0.30166554738492596,
        0.2982057535985283,
        0.2964097906394433
    ]
}