{
    "loss": [
        0.4167811262773275,
        0.28384373687759373,
        0.2614367602421702,
        0.24056872539580632,
        0.21932570471437232,
        0.20898769692331948,
        0.20134073095850946,
        0.19171460891946274,
        0.1880996685320385,
        0.18460740609862694,
        0.18049572769680006,
        0.1794079618499814,
        0.17287003718274044,
        0.17668492110538042,
        0.17475285398714036,
        0.17283928542123067,
        0.17335899100372482,
        0.17352291155011332,
        0.16918635996940473,
        0.16772974110475392,
        0.1669011240450106,
        0.16741801024268277,
        0.16588743359681946,
        0.16623312480487681,
        0.16671109840487902,
        0.1666287378059016,
        0.16594158762629932,
        0.16455867710078903,
        0.1654165573560261,
        0.16620385196754975
    ],
    "mean_absolute_error": [
        0.4542285367261199,
        0.35611292883563955,
        0.3414937774176193,
        0.327321839991427,
        0.3125217044745787,
        0.30570708063377694,
        0.3003367135249822,
        0.2930665278190355,
        0.29006582692328786,
        0.28814801464011525,
        0.2832646235930407,
        0.2835260485091312,
        0.2791991939989656,
        0.2821086810589343,
        0.2800026788038148,
        0.2782850647780198,
        0.27896947474683575,
        0.27837468915166147,
        0.27564668297696454,
        0.27376105411535806,
        0.2735541353225629,
        0.274074992473433,
        0.2729522830563461,
        0.273164017888225,
        0.27406345559046813,
        0.2732446041747121,
        0.27374251615532896,
        0.27212276062760066,
        0.2730949719786454,
        0.2738964329305601
    ],
    "val_loss": [
        0.28666173191217115,
        0.22776820131486655,
        0.22353820426309493,
        0.20469053223644604,
        0.23301683662250955,
        0.20903206319397913,
        0.2114899514665414,
        0.19165657306263137,
        0.25387517888818334,
        0.21995123556063456,
        0.18772951121621956,
        0.22442051428053805,
        0.20570437336808184,
        0.20049570119423663,
        0.20370582243220756,
        0.19810545450111558,
        0.2158284405352164,
        0.2196866823103271,
        0.2194838791320915,
        0.2193287344933181,
        0.21280521721155984,
        0.20799913766844327,
        0.22152009106103002,
        0.2884085085130526,
        0.22527502437647148,
        0.21906983991924203,
        0.20074851847759936,
        0.20748970581657566,
        0.2045642051656954,
        0.2173250946057481
    ],
    "val_mean_absolute_error": [
        0.35831788483603744,
        0.3148446861000024,
        0.3191065316774631,
        0.3044800582814432,
        0.3237966589279663,
        0.3081557005861351,
        0.2985076709549613,
        0.29530840329509506,
        0.32755264086795144,
        0.30403252505952383,
        0.28894552543577434,
        0.30866160702885714,
        0.30803614871817664,
        0.30646049683901727,
        0.3025945209178306,
        0.30287041599346193,
        0.3196446375897641,
        0.3165989411745671,
        0.31147407706344454,
        0.31665062153170126,
        0.308302240375026,
        0.3103282153922788,
        0.31387633794024905,
        0.3493704659658664,
        0.31290925066767855,
        0.31271605421798876,
        0.30306836814795585,
        0.306611037836855,
        0.3037738677177523,
        0.31246414349756485
    ]
}