{
    "translation_mean_absolute_error": [
        0.5024924050833771,
        0.2953618047133853,
        0.23705094484575576,
        0.19886848206111285,
        0.1798511432159169,
        0.16478578242049402,
        0.1537544272390383,
        0.14784022547972786,
        0.1427448367541346,
        0.1414419502204781,
        0.13353439594854827,
        0.13212265694504463,
        0.1279036558017311,
        0.1268767330667358,
        0.12201680485064609,
        0.11953941409492386,
        0.11755543199640442,
        0.11469344133316832,
        0.1127443599645458,
        0.11081004769736202,
        0.10843899849018537,
        0.10760403935494425,
        0.10615743634496377,
        0.10357433020883675,
        0.10273884588120284,
        0.1002371339678966,
        0.09985337304282309,
        0.10044821046473479,
        0.09697591164608965,
        0.09741798931185432
    ],
    "val_loss": [
        0.7196347725404835,
        0.5943254178743946,
        0.5977586256986241,
        0.6222343206304786,
        0.6423875689758666,
        0.6038972753054398,
        0.6149701337338973,
        0.6292896119555174,
        0.5805440660496755,
        0.6305317330120044,
        0.5939293500147361,
        0.5652273293485832,
        0.5890416588258152,
        0.587249956697276,
        0.5889372401637037,
        0.5738240680817538,
        0.5962711559998337,
        0.5716433159406079,
        0.5772616334293128,
        0.581905028007996,
        0.5658389455105666,
        0.5616881974541529,
        0.5764338607740684,
        0.5815622370734231,
        0.583966385936643,
        0.5819718176682858,
        0.5640824199672547,
        0.5878279439777186,
        0.5516177912889331,
        0.5511397542994001
    ],
    "val_rotation_mean_absolute_error": [
        0.004477551554682157,
        0.0037579133749642193,
        0.003618775084979824,
        0.004340950641791597,
        0.005202759283154077,
        0.004421128021543703,
        0.004711859248887414,
        0.004140827817016623,
        0.0043212681809399285,
        0.0033890518906919704,
        0.004392417497592529,
        0.0033977933428804424,
        0.0031363203090989046,
        0.0034085299753522508,
        0.0032176598433764454,
        0.002837071526040272,
        0.003163315369172397,
        0.0029279864343272986,
        0.0029537598356248434,
        0.0026652606666924352,
        0.002890491694237173,
        0.0027604699755971016,
        0.002907817830068064,
        0.0026379136087410194,
        0.0028299659036742854,
        0.0027815688211571695,
        0.0026443327971244547,
        0.002601245962102644,
        0.002711643350516271,
        0.0027396994791896064
    ],
    "val_translation_mean_absolute_error": [
        0.5173472028732031,
        0.44702942750915187,
        0.45216457192768705,
        0.46610034537463285,
        0.4738962775357887,
        0.4459204407512839,
        0.4584878115619029,
        0.4572331420930173,
        0.43746809620206395,
        0.46289686975476435,
        0.4468429555546007,
        0.4354637481705052,
        0.4475166936648208,
        0.4472427656942347,
        0.44536390137904386,
        0.4330173222798785,
        0.45371086030643804,
        0.4369659392227242,
        0.434005327493339,
        0.4401953969039422,
        0.4339138695700183,
        0.4316504025150004,
        0.44186468274493845,
        0.44045319373299696,
        0.44367415339880856,
        0.44151843596802415,
        0.43245335266170565,
        0.4415833702110263,
        0.42920292044048985,
        0.4294785327885827
    ],
    "loss": [
        1.294779318927441,
        0.6531965231666844,
        0.58198031609131,
        0.545694186890606,
        0.5312435801544905,
        0.5202239813714866,
        0.5117656275382064,
        0.5066542570735025,
        0.5026330369205813,
        0.5018223326504062,
        0.49664922359252944,
        0.49526116380324087,
        0.49229353598964565,
        0.4916735630770289,
        0.48868878614483113,
        0.48722841284719487,
        0.4854284940971386,
        0.48380208429363036,
        0.48323487528866116,
        0.4819230004237388,
        0.48015957681942273,
        0.4797942529748169,
        0.47900270289298646,
        0.4772449646642021,
        0.477264582492554,
        0.47582233980564886,
        0.4757695803954542,
        0.47592785301814206,
        0.4741471532755361,
        0.4744895188583327
    ],
    "rotation_mean_absolute_error": [
        0.019758772343718613,
        0.007412312212213664,
        0.005438556463535911,
        0.00591010096820688,
        0.006694201289140869,
        0.0067984909349732055,
        0.006428682303620272,
        0.006027418758154958,
        0.005576694550993865,
        0.005326634274114888,
        0.005031554715130615,
        0.004789289911879039,
        0.00461061579951133,
        0.004533755365555325,
        0.004362809464300773,
        0.00423327973939781,
        0.004171299973665067,
        0.004054800604506318,
        0.00401283160114143,
        0.003972134963665483,
        0.0039023969581669002,
        0.0038824943702555543,
        0.003824125408920897,
        0.0037907720641277677,
        0.003760847085361982,
        0.0037488317873105156,
        0.003704815901733422,
        0.0036847833721954703,
        0.0036549850758868995,
        0.0036673932420972313
    ],
    "rotation_loss": [
        0.007489343862182178,
        0.004580500199192888,
        0.004545234122202089,
        0.004552701658562087,
        0.004563203324328312,
        0.004563669198267073,
        0.004556840255532145,
        0.004550570921236927,
        0.004543570523476026,
        0.004540419450463896,
        0.004536644078773508,
        0.0045338780144168755,
        0.004531367647381274,
        0.004530129021264021,
        0.004528289550204711,
        0.00452683137626254,
        0.0045256947985914805,
        0.004524497206054096,
        0.004524017459493388,
        0.004523529342239429,
        0.0045225130796883155,
        0.004522325550021121,
        0.004521786395654298,
        0.004521483011457761,
        0.004520976914885617,
        0.004520830542304518,
        0.0045203501692399495,
        0.00452013273768019,
        0.004519808131748504,
        0.004519753650388438
    ],
    "val_rotation_loss": [
        0.001723217650696573,
        0.0017157967886279445,
        0.0017161119366585988,
        0.001723104090965994,
        0.0017384829509983581,
        0.0017269769896071188,
        0.0017311161455691383,
        0.0017232904109262379,
        0.0017293138695388386,
        0.0017149034191813117,
        0.0017254997097568819,
        0.0017173851893307812,
        0.0017134852621004026,
        0.0017211857213790373,
        0.0017131751426883006,
        0.001712304484907138,
        0.00171726263182664,
        0.001714575826936244,
        0.0017115163158677987,
        0.001710266961377846,
        0.00171340547265306,
        0.0017123517619034424,
        0.0017176197529864524,
        0.0017084096712442426,
        0.0017113742548826862,
        0.0017113183768371469,
        0.0017085236959726313,
        0.001709287070033019,
        0.0017106792034148157,
        0.0017128532923995146
    ],