{
    "translation_loss": [
        0.4019625126575926,
        0.3955732185290617,
        0.38981884734750266,
        0.39146096761523835,
        0.38818659179975806,
        0.38826112992939676,
        0.38858956194367705,
        0.3905485315102342,
        0.3883902334050815,
        0.38426087259641156,
        0.39036591451045694,
        0.3896234748696985,
        0.3836433976233106,
        0.382268311896031,
        0.3790822057689036,
        0.38090160319311633,
        0.3802783388373412,
        0.3785326685598861,
        0.37807238834830775,
        0.37645739937191686,
        0.37664718871323727,
        0.3747409347148514,
        0.35269096377739045,
        0.2755819944022943,
        0.2832687604212183,
        0.24131295862368654,
        0.20800071860596883,
        0.21423337325764724,
        0.23006547408391712,
        0.2305639412903342,
        0.23480476528927222,
        0.24776553633652768,
        0.18195885095432257,
        0.17907268856113667,
        0.17801906416393307,
        0.18839083910324583,
        0.20053401115380368,
        0.21248715551169794,
        0.2213278034616848,
        0.22045146262517973,
        0.21870084585137645,
        0.21757257241888095,
        0.19850749009353458,
        0.19438329192789275,
        0.1947206110518596
    ],
    "val_rotation_mean_absolute_error": [
        0.008733168939308164,
        0.01068964376215688,
        0.010208925318437246,
        0.012729321131078254,
        0.006632424417454529,
        0.005546664651425517,
        0.00715311177997302,
        0.005914472243646176,
        0.0036267615555724136,
        0.003998273818659634,
        0.0031598874556743243,
        0.0037194875645983356,
        0.003303299427435098,
        0.004608197461548947,
        0.003574749035156688,
        0.004875332256674018,
        0.00609076744876802,
        0.0037110309529938203,
        0.004633081115446607,
        0.006797138112242603,
        0.0036861884981042926,
        0.004593364785657013,
        0.005648639302745932,
        0.006024586657945695,
        0.003990104117704418,
        0.0031738220710093045,
        0.002840081362439308,
        0.0031588725126897354,
        0.0031803154194819726,
        0.003051647937677231,
        0.0034369289626441455,
        0.003172678161384638,
        0.0029393820168838658,
        0.00313848476776579,
        0.002941813343493462,
        0.002720221115080025,
        0.0029972964305891845,
        0.0027807490979016637,
        0.00308464112777202,
        0.0029683992656938485,
        0.0033145839641542,
        0.0032633565057928423,
        0.0026912455142289716,
        0.003005362578014514,
        0.0031745433308028137
    ],
    "val_loss": [
        3661.140583793524,
        1025.9744362871456,
        1004.1881885991147,
        2432.174244957594,
        4247.608833153774,
        2258.828453240392,
        2107.8610251524055,
        2102.1402192349765,
        2119.04055299022,
        689.204261207473,
        1665.9527665002158,
        418.67770036330546,
        169.56103972614113,
        145.13888223199473,
        131.08003055854363,
        657.9423345661539,
        268.568738168199,
        155.03377313931244,
        160.79925375312854,
        187.349922819186,
        159.8349079319265,
        55.59069125395472,
        50.556763413930035,
        36.06753809520637,
        132.26590255849186,
        24.228787399588906,
        16.70566520486521,
        16.65612368306667,
        46.61104449053236,
        14.95653187751232,
        28.56789067876722,
        81.81271458371373,
        5.673641135446513,
        4.375248565824436,
        3.5992685717105597,
        3.50601824407045,
        3.4661452029293294,
        5.59768412560981,
        5.632559768775729,
        12.730101336884216,
        4.325420887673298,
        2.7904780974713543,
        2.7595944236512246,
        2.8522780975647315,
        4.668387536671763
    ],
    "rotation_mean_absolute_error": [
        0.022560628199318474,
        0.008220165874966611,
        0.008593898413369818,
        0.009003319255944638,
        0.007954695704826445,
        0.007220320450457195,
        0.006234651703011398,
        0.005689779239918383,
        0.005282081402281432,
        0.005016841373019744,
        0.004770933539599802,
        0.004711763700732969,
        0.004759039289779747,
        0.004742155158844998,
        0.0047345786792469344,
        0.004749309269735538,
        0.004834398859061271,
        0.005026365280229109,
        0.005151866721666959,
        0.005083560319570115,
        0.005218585304394827,
        0.005173500399701444,
        0.005179706385208938,
        0.005641968333300516,
        0.005325573271175125,
        0.0048004836772473445,
        0.004656003726393119,
        0.0046175332479672666,
        0.004605148195877915,
        0.004520754503334142,
        0.00450273569149595,
        0.004575662627302476,
        0.004381803795563985,
        0.004418921727556851,
        0.004397852808810682,
        0.004342812456603457,
        0.004310735071012808,
        0.004273020108458909,
        0.004285498962407219,
        0.004250081991096585,
        0.004324152830881011,
        0.004197514645237365,
        0.004246485027121102,
        0.004201659109355179,
        0.00424843613878817
    ],
    "val_rotation_loss": [
        0.0018295807182940917,
        0.001896827120474554,
        0.001897368282597098,
        0.0019396614231230222,
        0.0017707981045146752,
        0.0017396401670065475,
        0.001768573064080482,
        0.001747853629438645,
        0.0017204999221327355,
        0.0017224460223365184,
        0.0017137091405966197,
        0.0017205121446040178,
        0.0017181029695981325,
        0.0017284633426242063,
        0.0017161872829948976,
        0.0017321794189154587,
        0.0017658938767342632,
        0.0017238200055868123,
        0.001734191563321731,
        0.001785530318504158,
        0.0017186273500095224,
        0.001725175807533256,
        0.0017538017268924403,
        0.0017540789776625747,
        0.0017226843375430575,
        0.0017108097607048608,
        0.001711203824540964,
        0.0017116122852042128,
        0.0017119692067518193,
        0.0017104261034125506,
        0.0017143711223168545,
        0.0017114904426831987,
        0.001712620380090864,
        0.0017108634582979922,
        0.0017110341291984661,
        0.001709300894658376,
        0.0017135572449121555,
        0.0017105638976820715,
        0.0017178750765452207,
        0.0017147169513899304,
        0.0017190314099748045,
        0.0017183809259605917,
        0.0017097397265219193,
        0.0017104732025160772,
        0.0017161690202097094
    ],