{
    "convolution": [
        [
            64,
            7,
            "prelu",
            5,
            5,
            0.2952888839882054
        ],
        [
            220,
            7,
            "prelu",
            3,
            3,
            0.19732554292184137
        ],
        [
            232,
            5,
            "prelu",
            3,
            3,
            0.20433425160470234
        ],
        [
            221,
            5,
            "prelu",
            3,
            3,
            0.3844363755819298
        ]
    ],
    "dense": [
        [
            2048,
            "relu",
            0.24121388615703895
        ],
        [
            512,
            "relu",
            0.3642679041958916
        ]
    ]
}