{
    "convolution": [
        [
            103,
            3,
            "tanh",
            5,
            3,
            0.24641083880048065
        ],
        [
            209,
            9,
            "relu",
            7,
            5,
            0.32062035158849694
        ]
    ],
    "dense": [
        [
            4096,
            "relu",
            0.4627227067629617
        ],
        [
            128,
            "prelu",
            0.179487061806475
        ],
        [
            128,
            "prelu",
            0.16004685400466584
        ]
    ]
}