{
    "convolution": [
        [
            124,
            7,
            "relu",
            3,
            3,
            0.21211401635797356
        ],
        [
            103,
            5,
            "prelu",
            3,
            3,
            0.42839599617430635
        ],
        [
            145,
            9,
            "prelu",
            3,
            3,
            0.3363795540725903
        ],
        [
            111,
            9,
            "relu",
            3,
            3,
            0.11446064555409521
        ]
    ],
    "dense": [
        [
            4096,
            "relu",
            0.4899724461152989
        ],
        [
            128,
            "prelu",
            0.4058699074261054
        ]
    ]
}