{
    "convolution": [
        [
            123,
            9,
            "tanh",
            3,
            3,
            0.19933213682363313
        ],
        [
            178,
            11,
            "prelu",
            3,
            3,
            0.18525660385748444
        ],
        [
            69,
            11,
            "relu",
            3,
            3,
            0.26419664757041683
        ]
    ],
    "dense": [
        [
            4096,
            "prelu",
            0.2283250192703783
        ],
        [
            2048,
            "prelu",
            0.11345255027099724
        ],
        [
            1024,
            "prelu",
            0.3372110851100517
        ]
    ]
}