{
    "convolution": [
        [
            186,
            5,
            "tanh",
            5,
            3,
            0.46495588352063155
        ],
        [
            252,
            11,
            "prelu",
            3,
            3,
            0.12254411560596115
        ]
    ],
    "dense": [
        [
            256,
            "prelu",
            0.4252590891212129
        ],
        [
            64,
            "prelu",
            0.4427382992009793
        ],
        [
            32,
            "tanh",
            0.10950116820508207
        ],
        [
            32,
            "relu",
            0.3213016801498639
        ]
    ]
}