{
    "convolution": [
        [
            170,
            3,
            "tanh",
            3,
            3,
            0.4849363715181375
        ],
        [
            87,
            5,
            "prelu",
            3,
            3,
            0.4042214644722295
        ],
        [
            95,
            7,
            "prelu",
            3,
            3,
            0.3206293716518749
        ],
        [
            95,
            7,
            "prelu",
            7,
            7,
            0.21525051265597617
        ]
    ],
    "dense": [
        [
            128,
            "tanh",
            0.15625101765093216
        ],
        [
            64,
            "relu",
            0.35454519172884236
        ]
    ]
}