{
    "convolution": [
        [
            136,
            9,
            "tanh",
            3,
            3,
            0.36509310210317636
        ],
        [
            328,
            9,
            "prelu",
            5,
            3,
            0.28636699540806176
        ]
    ],
    "dense": [
        [
            4096,
            "tanh",
            0.441165604200747
        ],
        [
            32,
            "relu",
            0.3387641131341084
        ]
    ]
}