{
    "convolution": [
        [
            113,
            7,
            "prelu",
            7,
            3,
            0.12866087277923707
        ],
        [
            122,
            5,
            "tanh",
            7,
            3,
            0.3820769462948159
        ],
        [
            291,
            7,
            "relu",
            5,
            5,
            0.41238441945249016
        ],
        [
            161,
            7,
            "tanh",
            3,
            3,
            0.2120123579424969
        ]
    ],
    "dense": [
        [
            2048,
            "prelu",
            0.29290267487260185
        ],
        [
            1024,
            "relu",
            0.16280296371562958
        ],
        [
            512,
            "prelu",
            0.29389174710636834
        ],
        [
            256,
            "tanh",
            0.2162745527082769
        ]
    ]
}