{
    "convolution": [
        [
            105,
            11,
            "prelu",
            3,
            3,
            0.43831046488983183
        ],
        [
            144,
            3,
            "relu",
            3,
            3,
            0.43516307637017904
        ],
        [
            215,
            3,
            "prelu",
            7,
            5,
            0.3144229145147157
        ],
        [
            132,
            9,
            "prelu",
            5,
            3,
            0.2878697473534733
        ]
    ],
    "dense": [
        [
            4096,
            "prelu",
            0.42042249327604997
        ],
        [
            512,
            "tanh",
            0.1902522412083831
        ],
        [
            32,
            "tanh",
            0.48337471161594214
        ],
        [
            32,
            "prelu",
            0.11752464739420986
        ]
    ]
}