{
    "convolution": [
        [
            96,
            3,
            "relu",
            3,
            3,
            0.29337231781132833
        ],
        [
            284,
            5,
            "tanh",
            3,
            3,
            0.46617210580872437
        ]
    ],
    "dense": [
        [
            1024,
            "prelu",
            0.18303275861398635
        ],
        [
            512,
            "prelu",
            0.184685204639106
        ]
    ]
}