{
    "convolution": [
        [
            142,
            5,
            "prelu",
            3,
            3,
            0.33254600483089924
        ],
        [
            88,
            5,
            "relu",
            3,
            3,
            0.1085500901041887
        ]
    ],
    "dense": [
        [
            512,
            "relu",
            0.4091366462847337
        ],
        [
            128,
            "relu",
            0.4341679316426439
        ]
    ]
}