{
    "convolution": [
        [
            228,
            5,
            "prelu",
            7,
            5,
            0.22331273581319802
        ],
        [
            308,
            9,
            "prelu",
            3,
            3,
            0.1467048119881231
        ],
        [
            119,
            5,
            "tanh",
            5,
            3,
            0.3783930768273932
        ]
    ],
    "dense": [
        [
            512,
            "tanh",
            0.11703898882763344
        ]
    ]
}