{
    "convolution": [
        [
            284,
            11,
            "relu",
            3,
            3,
            0.38241946561706364
        ],
        [
            243,
            5,
            "prelu",
            5,
            3,
            0.11632139102432895
        ]
    ],
    "dense": [
        [
            1024,
            "prelu",
            0.11455871665505271
        ],
        [
            1024,
            "relu",
            0.18988890143432138
        ],
        [
            1024,
            "relu",
            0.2858441270782806
        ],
        [
            32,
            "tanh",
            0.49305906812170786
        ]
    ]
}