{
    "convolution": [
        [
            103,
            9,
            "tanh",
            3,
            3,
            0.1548452895963778
        ],
        [
            66,
            3,
            "relu",
            3,
            3,
            0.3758845049817079
        ],
        [
            159,
            7,
            "prelu",
            3,
            3,
            0.4693529075781434
        ]
    ],
    "dense": [
        [
            4096,
            "relu",
            0.13454621984146692
        ],
        [
            128,
            "prelu",
            0.28758875092673686
        ],
        [
            64,
            "prelu",
            0.34672469124657257
        ]
    ]
}