{
    "convolution": [
        [
            249,
            5,
            "relu",
            3,
            3,
            0.13875113614147594
        ],
        [
            281,
            11,
            "tanh",
            7,
            3,
            0.20005056998636317
        ],
        [
            64,
            11,
            "prelu",
            7,
            5,
            0.295412754828071
        ]
    ],
    "dense": [
        [
            4096,
            "tanh",
            0.4260963615592114
        ]
    ]
}