{
    "convolution": [
        [
            102,
            9,
            "relu",
            3,
            3,
            0.2508957957845917
        ],
        [
            123,
            5,
            "relu",
            3,
            3,
            0.13152964141351686
        ],
        [
            303,
            5,
            "prelu",
            3,
            3,
            0.29257653644934445
        ]
    ],
    "dense": [
        [
            128,
            "prelu",
            0.26727304372035376
        ]
    ]
}