{
    "convolution": [
        [
            279,
            3,
            "tanh",
            3,
            3,
            0.14622937374030864
        ],
        [
            265,
            7,
            "relu",
            3,
            3,
            0.1036805160337408
        ],
        [
            70,
            5,
            "prelu",
            3,
            3,
            0.24366377671365022
        ],
        [
            77,
            3,
            "prelu",
            7,
            7,
            0.3528622145689476
        ]
    ],
    "dense": [
        [
            256,
            "prelu",
            0.40954312692362127
        ],
        [
            64,
            "tanh",
            0.3814148354088458
        ]
    ]
}