{
    "convolution": [
        [
            86,
            5,
            "prelu",
            3,
            3,
            0.27374020695039725
        ],
        [
            311,
            5,
            "relu",
            3,
            3,
            0.3905886308482289
        ]
    ],
    "dense": [
        [
            4096,
            "relu",
            0.21481293216835895
        ],
        [
            2048,
            "prelu",
            0.4026239152586929
        ],
        [
            1024,
            "prelu",
            0.2611365410133214
        ]
    ]
}