{
    "convolution": [
        [
            165,
            7,
            "relu",
            3,
            3,
            0.4427486803274052
        ],
        [
            318,
            11,
            "relu",
            3,
            3,
            0.34702536024472086
        ]
    ],
    "dense": [
        [
            2048,
            "relu",
            0.4399649297836684
        ],
        [
            1024,
            "prelu",
            0.29701852917750504
        ],
        [
            256,
            "prelu",
            0.11462328094964791
        ],
        [
            128,
            "relu",
            0.384351605452243
        ]
    ]
}