{
    "convolution": [
        [
            167,
            7,
            "prelu",
            3,
            3,
            0.39951652986368946
        ],
        [
            111,
            5,
            "prelu",
            3,
            3,
            0.2509544163185533
        ]
    ],
    "dense": [
        [
            1024,
            "prelu",
            0.18370372023785328
        ],
        [
            512,
            "prelu",
            0.4139361741954172
        ]
    ]
}