{
    "convolution": [
        [
            122,
            3,
            "prelu",
            3,
            3,
            0.46340626052012923
        ],
        [
            296,
            5,
            "relu",
            7,
            5,
            0.16460278268420928
        ],
        [
            96,
            7,
            "relu",
            3,
            3,
            0.3324067118329191
        ]
    ],
    "dense": [
        [
            64,
            "prelu",
            0.4088817708847935
        ]
    ]
}