{
    "convolution": [
        [
            343,
            9,
            "prelu",
            3,
            3,
            0.48140030034273107
        ],
        [
            274,
            9,
            "relu",
            7,
            5,
            0.44396060427067796
        ],
        [
            225,
            9,
            "prelu",
            3,
            3,
            0.20182230876530102
        ]
    ],
    "dense": [
        [
            2048,
            "prelu",
            0.45916803419188157
        ],
        [
            1024,
            "relu",
            0.25623366018721905
        ],
        [
            512,
            "relu",
            0.27649201063501805
        ],
        [
            32,
            "prelu",
            0.3808328828241846
        ]
    ]
}