{
    "convolution": [
        [
            125,
            9,
            "tanh",
            3,
            3,
            0.26650008774976186
        ],
        [
            134,
            5,
            "prelu",
            3,
            3,
            0.3038348592253953
        ],
        [
            71,
            7,
            "relu",
            3,
            3,
            0.3938857332131793
        ]
    ],
    "dense": [
        [
            4096,
            "prelu",
            0.4172015633288665
        ],
        [
            2048,
            "prelu",
            0.11587373589477928
        ],
        [
            128,
            "prelu",
            0.3808709608508364
        ]
    ]
}