{
    "convolution": [
        [
            88,
            11,
            "prelu",
            3,
            3,
            0.4378901801909383
        ],
        [
            110,
            7,
            "prelu",
            7,
            5,
            0.3435034466139488
        ],
        [
            254,
            11,
            "prelu",
            3,
            3,
            0.12638288584708357
        ],
        [
            140,
            3,
            "relu",
            3,
            3,
            0.29057046225273303
        ]
    ],
    "dense": [
        [
            256,
            "prelu",
            0.3180606601767415
        ],
        [
            64,
            "prelu",
            0.4875519884639985
        ]
    ]
}