{
    "convolution": [
        [
            120,
            3,
            "tanh",
            5,
            5,
            0.37024001772555803
        ],
        [
            192,
            5,
            "relu",
            3,
            3,
            0.14236078489759985
        ],
        [
            174,
            5,
            "prelu",
            7,
            3,
            0.1383892637896601
        ],
        [
            156,
            9,
            "prelu",
            3,
            3,
            0.44419883585168585
        ]
    ],
    "dense": [
        [
            512,
            "tanh",
            0.1272512928128006
        ]
    ]
}