{
    "convolution": [
        [
            90,
            3,
            "prelu",
            5,
            3,
            0.2095772226372671
        ],
        [
            156,
            11,
            "prelu",
            3,
            3,
            0.30752132847725716
        ],
        [
            178,
            5,
            "relu",
            3,
            3,
            0.3172796928147368
        ]
    ],
    "dense": [
        [
            256,
            "prelu",
            0.3076528072596073
        ],
        [
            32,
            "relu",
            0.13279990767200586
        ]
    ]
}