{
    "convolution": [
        [
            65,
            9,
            "relu",
            7,
            5,
            0.2769094642788106
        ],
        [
            84,
            3,
            "prelu",
            3,
            3,
            0.3462448946450146
        ],
        [
            130,
            9,
            "prelu",
            3,
            3,
            0.2545855470753171
        ]
    ],
    "dense": [
        [
            512,
            "relu",
            0.4511404066718755
        ],
        [
            128,
            "prelu",
            0.402966706607358
        ],
        [
            64,
            "tanh",
            0.1205469362416411
        ],
        [
            32,
            "prelu",
            0.4819967230166238
        ]
    ]
}