{
    "convolution": [
        [
            302,
            3,
            "tanh",
            3,
            3,
            0.4575917545860161
        ],
        [
            142,
            5,
            "prelu",
            3,
            3,
            0.3474807834303718
        ],
        [
            174,
            11,
            "prelu",
            7,
            3,
            0.4978414439599661
        ],
        [
            179,
            7,
            "tanh",
            5,
            5,
            0.25703697039394086
        ]
    ],
    "dense": [
        [
            4096,
            "prelu",
            0.12826565399015455
        ],
        [
            1024,
            "prelu",
            0.3758013368585813
        ],
        [
            512,
            "prelu",
            0.4740759500979148
        ]
    ]
}