{
    "convolution": [
        [
            88,
            3,
            "prelu",
            3,
            3,
            0.12927408071713115
        ],
        [
            95,
            7,
            "tanh",
            5,
            5,
            0.24259138632002358
        ]
    ],
    "dense": [
        [
            2048,
            "relu",
            0.2175002805966893
        ],
        [
            256,
            "tanh",
            0.4265873951931297
        ],
        [
            256,
            "relu",
            0.4741029819663305
        ],
        [
            32,
            "prelu",
            0.43570012656200674
        ]
    ]
}