{
    "convolution": [
        [
            151,
            7,
            "relu",
            3,
            3,
            0.25597628534437394
        ],
        [
            85,
            5,
            "prelu",
            3,
            3,
            0.12395942547186914
        ],
        [
            121,
            9,
            "prelu",
            7,
            3,
            0.21816908709989466
        ],
        [
            197,
            11,
            "relu",
            7,
            3,
            0.29122738219381816
        ]
    ],
    "dense": [
        [
            512,
            "relu",
            0.2796642088892183
        ],
        [
            512,
            "relu",
            0.3784502103960278
        ],
        [
            256,
            "prelu",
            0.2213796843977444
        ],
        [
            32,
            "prelu",
            0.47162722365439735
        ]
    ]
}