{
    "convolution": [
        [
            201,
            3,
            "prelu",
            3,
            3,
            0.45041902000521405
        ],
        [
            70,
            11,
            "relu",
            7,
            5,
            0.437869585835697
        ]
    ],
    "dense": [
        [
            2048,
            "tanh",
            0.11054807921044595
        ],
        [
            128,
            "prelu",
            0.16096343640870703
        ]
    ]
}