{
    "convolution": [
        [
            233,
            7,
            "prelu",
            3,
            3,
            0.11468576641192248
        ],
        [
            290,
            3,
            "prelu",
            7,
            3,
            0.16125949971708395
        ]
    ],
    "dense": [
        [
            4096,
            "relu",
            0.46861479721496746
        ],
        [
            2048,
            "tanh",
            0.20320202982541763
        ],
        [
            256,
            "relu",
            0.2769432565846488
        ]
    ]
}