{
    "convolution": [
        [
            225,
            3,
            "relu",
            3,
            3,
            0.4304644668333636
        ],
        [
            323,
            5,
            "prelu",
            3,
            3,
            0.49453368381648843
        ],
        [
            131,
            5,
            "prelu",
            5,
            3,
            0.28677307619715786
        ],
        [
            305,
            5,
            "prelu",
            3,
            3,
            0.11046289017979741
        ]
    ],
    "dense": [
        [
            2048,
            "prelu",
            0.45506291658359777
        ],
        [
            64,
            "prelu",
            0.4778686468158452
        ]
    ]
}