{
    "convolution": [
        [
            289,
            3,
            "relu",
            5,
            5,
            0.3010288476329477
        ],
        [
            196,
            3,
            "prelu",
            3,
            3,
            0.4996240110783947
        ],
        [
            199,
            5,
            "prelu",
            7,
            5,
            0.141013905894178
        ],
        [
            274,
            7,
            "prelu",
            3,
            3,
            0.17316096500724565
        ]
    ],
    "dense": [
        [
            64,
            "tanh",
            0.20082116144352785
        ],
        [
            32,
            "relu",
            0.2449365518945421
        ]
    ]
}