{
    "convolution": [
        [
            192,
            7,
            "prelu",
            7,
            3,
            0.20018848510587084
        ],
        [
            131,
            9,
            "tanh",
            3,
            3,
            0.4456910595706113
        ],
        [
            105,
            9,
            "prelu",
            3,
            3,
            0.4678325227106226
        ],
        [
            146,
            11,
            "tanh",
            3,
            3,
            0.10639932100625256
        ]
    ],
    "dense": [
        [
            256,
            "relu",
            0.14341837524213977
        ],
        [
            256,
            "prelu",
            0.3106259118681278
        ],
        [
            256,
            "prelu",
            0.39628757288928584
        ]
    ]
}