{
    "convolution": [
        [
            229,
            9,
            "relu",
            5,
            5,
            0.46867887412502596
        ],
        [
            150,
            5,
            "relu",
            3,
            3,
            0.3379119826881327
        ],
        [
            116,
            7,
            "prelu",
            5,
            5,
            0.3025777369715893
        ],
        [
            66,
            11,
            "prelu",
            5,
            3,
            0.3766065078532965
        ]
    ],
    "dense": [
        [
            2048,
            "prelu",
            0.39271586187258956
        ],
        [
            512,
            "tanh",
            0.44510166688210595
        ],
        [
            256,
            "tanh",
            0.4971743337709562
        ],
        [
            64,
            "prelu",
            0.33902174746670233
        ]
    ]
}