{
    "convolution": [
        [
            294,
            11,
            "prelu",
            3,
            3,
            0.2852168864860496
        ],
        [
            89,
            11,
            "prelu",
            3,
            3,
            0.38016725541551255
        ]
    ],
    "dense": [
        [
            128,
            "tanh",
            0.34760227412445344
        ]
    ]
}