{
    "convolution": [
        [
            259,
            5,
            "relu",
            3,
            3,
            0.29137401638097243
        ],
        [
            142,
            9,
            "tanh",
            3,
            3,
            0.10802791491341837
        ],
        [
            114,
            3,
            "relu",
            3,
            3,
            0.26902086648367707
        ],
        [
            73,
            7,
            "tanh",
            5,
            3,
            0.3062173458372809
        ]
    ],
    "dense": [
        [
            2048,
            "prelu",
            0.1624193423379368
        ],
        [
            128,
            "prelu",
            0.26866654272769314
        ]
    ]
}