{
    "convolution": [
        [
            94,
            3,
            "prelu",
            3,
            3,
            0.3245099720897806
        ],
        [
            162,
            11,
            "prelu",
            5,
            5,
            0.4694846346543543
        ],
        [
            195,
            5,
            "prelu",
            3,
            3,
            0.208240420993138
        ],
        [
            319,
            3,
            "prelu",
            3,
            3,
            0.33897953915437684
        ]
    ],
    "dense": [
        [
            4096,
            "relu",
            0.2997553439683585
        ],
        [
            1024,
            "prelu",
            0.26384063571757277
        ],
        [
            32,
            "prelu",
            0.1633589697227813
        ],
        [
            32,
            "relu",
            0.2640622595599674
        ]
    ]
}