{
    "convolution": [
        [
            110,
            7,
            "relu",
            7,
            5,
            0.38650704291085847
        ],
        [
            286,
            3,
            "prelu",
            7,
            3,
            0.3945691509116809
        ]
    ],
    "dense": [
        [
            512,
            "relu",
            0.20898872956014158
        ],
        [
            128,
            "prelu",
            0.2929630425338595
        ],
        [
            64,
            "prelu",
            0.4001211292243022
        ],
        [
            32,
            "relu",
            0.14537584672593673
        ]
    ]
}