{
    "convolution": [
        [
            97,
            9,
            "tanh",
            5,
            3,
            0.45515674775785364
        ],
        [
            177,
            3,
            "tanh",
            3,
            3,
            0.4606036791467153
        ]
    ],
    "dense": [
        [
            4096,
            "relu",
            0.3612610538323847
        ],
        [
            256,
            "relu",
            0.37141164311793773
        ]
    ]
}