{
    "convolution": [
        [
            192,
            3,
            "prelu",
            7,
            5,
            0.13485583816912508
        ],
        [
            189,
            9,
            "prelu",
            5,
            5,
            0.11060917758541625
        ],
        [
            223,
            3,
            "prelu",
            5,
            3,
            0.32631383595538577
        ]
    ],
    "dense": [
        [
            512,
            "relu",
            0.37059765816477885
        ]
    ]
}