{
    "convolution": [
        [
            92,
            7,
            "prelu",
            3,
            3,
            0.36375694154548677
        ],
        [
            277,
            9,
            "tanh",
            7,
            5,
            0.1932175573496876
        ],
        [
            65,
            11,
            "relu",
            5,
            3,
            0.24087495046339763
        ]
    ],
    "dense": [
        [
            1024,
            "prelu",
            0.4835906744366053
        ],
        [
            512,
            "tanh",
            0.28680043921306353
        ],
        [
            256,
            "prelu",
            0.1137162868850366
        ],
        [
            32,
            "tanh",
            0.3225826790928811
        ]
    ]
}