{
    "convolution": [
        [
            174,
            11,
            "tanh",
            3,
            3,
            0.4271086940237152
        ],
        [
            119,
            5,
            "prelu",
            3,
            3,
            0.3624310208145616
        ]
    ],
    "dense": [
        [
            4096,
            "tanh",
            0.239746454578399
        ],
        [
            256,
            "prelu",
            0.19465630826890543
        ],
        [
            64,
            "prelu",
            0.1737996968161623
        ],
        [
            32,
            "tanh",
            0.4662637247249243
        ]
    ]
}