{
    "convolution": [
        [
            69,
            3,
            "tanh",
            7,
            3,
            0.39328535720107316
        ],
        [
            130,
            5,
            "relu",
            3,
            3,
            0.16460089006579015
        ],
        [
            129,
            11,
            "relu",
            3,
            3,
            0.16483409739521698
        ]
    ],
    "dense": [
        [
            4096,
            "relu",
            0.28309425415177847
        ],
        [
            128,
            "tanh",
            0.11743371152859138
        ],
        [
            64,
            "tanh",
            0.34334396325933647
        ],
        [
            64,
            "prelu",
            0.4671817794406167
        ]
    ]
}