{
    "convolution": [
        [
            78,
            3,
            "prelu",
            3,
            3,
            0.2490462594034337
        ],
        [
            131,
            5,
            "relu",
            3,
            3,
            0.27590375616813767
        ],
        [
            160,
            7,
            "prelu",
            5,
            3,
            0.3375457832318769
        ],
        [
            153,
            5,
            "relu",
            5,
            3,
            0.33014399308728637
        ]
    ],
    "dense": [
        [
            2048,
            "prelu",
            0.16680338638697412
        ],
        [
            128,
            "tanh",
            0.25655539101935376
        ],
        [
            64,
            "tanh",
            0.34473817542370677
        ]
    ]
}