{
    "convolution": [
        [
            145,
            7,
            "relu",
            3,
            3,
            0.16725754209967475
        ],
        [
            108,
            5,
            "prelu",
            3,
            3,
            0.3441513548887778
        ],
        [
            66,
            11,
            "prelu",
            5,
            3,
            0.28576736208719217
        ]
    ],
    "dense": [
        [
            2048,
            "relu",
            0.31593376043046933
        ]
    ]
}