{
    "loss": [
        0.4228559230472062,
        0.3099334603145861,
        0.27171097797313964,
        0.24052150857253218,
        0.22182416831461552,
        0.20697284447901235,
        0.19977696659389463,
        0.19062365598347822,
        0.18670575045476293,
        0.17999128126534347,
        0.17731293796061393,
        0.1778335758994557,
        0.17512805205413917,
        0.17620148450593937,
        0.17223575207945593,
        0.16920372321850752,
        0.17299360845380338,
        0.1682246540912334,
        0.1676220956842777,
        0.16841059975126352,
        0.1647927917852986,
        0.1647236629656413,
        0.16601739487684414,
        0.1640680221672172,
        0.16545292135943993,
        0.16577469168397482,
        0.16592505600444543,
        0.1677645567245732,
        0.1626815475011096,
        0.16514190518894903
    ],
    "mean_absolute_error": [
        0.4613805892669661,
        0.3720495560129357,
        0.34411190219832516,
        0.3226411975959747,
        0.30931610422556916,
        0.2986843608628223,
        0.294116020449803,
        0.28719393883272215,
        0.28428829020984675,
        0.27982403034138675,
        0.2772498349313112,
        0.27894476229510806,
        0.2761388458786117,
        0.2761605408105944,
        0.27450008245260155,
        0.2722267751540443,
        0.2743277925436411,
        0.27053461485342645,
        0.27020496958886486,
        0.27039087719962224,
        0.26769356238962233,
        0.2677801283701242,
        0.2682522860861872,
        0.2680265291449624,
        0.26856305574377376,
        0.2694596349046172,
        0.26946193578647104,
        0.2698811625235273,
        0.2666432295556154,
        0.26789558807985103
    ],
    "val_loss": [
        0.24528540895045378,
        0.2969546824705544,
        0.44308249327337323,
        0.4762658812608639,
        0.39679793759808735,
        0.4313488598484615,
        0.3603401426971107,
        0.3958421369673212,
        0.4367465489933138,
        0.3967820273181117,
        0.36237160432090165,
        0.33691591236553986,
        0.4254124337629832,
        0.37906353760942235,
        0.3868189015579726,
        0.38933294948894626,
        0.36721532948003344,
        0.3491030447915416,
        0.3695027592700447,
        0.36171770712350604,
        0.38470443391926773,
        0.34889701678543183,
        0.3745493775143658,
        0.37224503251929836,
        0.366836546827429,
        0.37491746404309084,
        0.3736208205102303,
        0.38043700192878005,
        0.35529185380066663,
        0.3476241374349532
    ],
    "val_mean_absolute_error": [
        0.3241978434098374,
        0.361747788142753,
        0.447165526872829,
        0.45576500016088634,
        0.4109688104780869,
        0.4265834380241779,
        0.38809963957566745,
        0.402961930629823,
        0.4322965939780361,
        0.3941645538829852,
        0.3895858633401161,
        0.3740797403749007,
        0.4273916149468432,
        0.40106897961720034,
        0.40327275328678247,
        0.39934687847726347,
        0.3846156181176361,
        0.37710250567273096,
        0.3991171065599296,
        0.39330676294301664,
        0.39654699511304026,
        0.38126234874334936,
        0.40674320543521025,
        0.3836896828970933,
        0.39479715997776343,
        0.40202867792575225,
        0.39346438583832893,
        0.40036175684754255,
        0.3855416439612042,
        0.38633194975871316
    ]
}