{
    "loss": [
        0.4534783081879203,
        0.3539563213393978,
        0.33263674110170227,
        0.3082834739502986,
        0.29346370749667905,
        0.27958166858649985,
        0.27101759301180184,
        0.25773042622625414,
        0.2501601266604008,
        0.24235340684500073,
        0.23817581050021322,
        0.22970907693860296,
        0.22351227944267957,
        0.22160315706499412,
        0.21395027256277122,
        0.21220336720493727,
        0.212402122972544,
        0.20478413613822563,
        0.2074893675309521,
        0.20745597884079714,
        0.2028965189150335,
        0.20004522871505864,
        0.19735715971397524,
        0.19589105212562688,
        0.19564283995556936,
        0.19160201603392507,
        0.19238324420039213,
        0.1909179915540561,
        0.19435395780706585,
        0.19151319511088438
    ],
    "mean_absolute_error": [
        0.4740737415889709,
        0.40257927504093277,
        0.3850391727225606,
        0.36866100899274057,
        0.35709075935208684,
        0.3475298616014848,
        0.3418686207316642,
        0.3338464096924112,
        0.32649426859054087,
        0.32216822010348306,
        0.3199818737798958,
        0.31379355624270666,
        0.3092032816526015,
        0.308401459054883,
        0.30239335705393694,
        0.30202076067622047,
        0.3017138342121952,
        0.29626012327952306,
        0.298080142118796,
        0.29930734492624833,
        0.2955977999884042,
        0.2931674403255121,
        0.2915637586443762,
        0.2901037647023069,
        0.28996939699891205,
        0.28729341753942383,
        0.28699963816071833,
        0.2878367526579308,
        0.28932893509737306,
        0.2873361125873153
    ],
    "val_loss": [
        0.45500112843409085,
        0.4054305332914517,
        0.2799080009160676,
        0.4433629824157069,
        0.5438844828181525,
        0.5000920073879881,
        0.4330453140869482,
        0.4652347381775675,
        0.43905115576788206,
        0.5558456218225047,
        0.46298710828386996,
        0.5005295705255378,
        0.5170513922170659,
        0.5446919327144039,
        0.5165418795075276,
        0.4941376209770173,
        0.5549796268847156,
        0.4618436407877207,
        0.5105676648430447,
        0.49002911009626304,
        0.458856283862296,
        0.503177243961746,
        0.4771755568151369,
        0.5039779243329856,
        0.4712180140516731,
        0.39103883256601374,
        0.4831392530602998,
        0.4420122299642419,
        0.4412504704891568,
        0.41396009501919045
    ],
    "val_mean_absolute_error": [
        0.49144316549687755,
        0.45722384252951276,
        0.3492914405305358,
        0.46408186776607024,
        0.5154628585865859,
        0.48533614375282497,
        0.43848389226571516,
        0.457195943767193,
        0.43316980252426013,
        0.49772064373166064,
        0.4494274078973128,
        0.45855213917649473,
        0.47933872128716193,
        0.5025377766231189,
        0.48203383927923604,
        0.47024406253453144,
        0.48214378073068054,
        0.4578567061873821,
        0.47931851489338906,
        0.45998387350137254,
        0.44815022525063175,
        0.4772065999223643,
        0.4620098305763301,
        0.4726529066270957,
        0.45074246366035725,
        0.41354656897311254,
        0.4462785496160926,
        0.4377006442817976,
        0.4233534776797467,
        0.4159852013272686
    ]
}