{
    "val_mean_absolute_error": [
        0.4467988834331349,
        0.4354753479722927,
        0.4370518740344303,
        0.452808797846927,
        0.44518978647505303,
        0.44501545872314463,
        0.4362718108694767,
        0.43747362133075607,
        0.433735422575736,
        0.4346199145239084,
        0.4310675779356502,
        0.4345392211137084,
        0.4331278319050885,
        0.4326732625782456,
        0.43814760160795796,
        0.43017151118064423,
        0.42408905702328453,
        0.42790064153466867,
        0.4324006253020345,
        0.424674480447511,
        0.4267267919635611,
        0.4292838423351615,
        0.4137097693185516,
        0.4267891742923605,
        0.42307868746129795,
        0.43658250027367174,
        0.4278268440759458,
        0.42981640865960097,
        0.4263606705843091,
        0.4328979806448199
    ],
    "loss": [
        0.29431288154008894,
        0.12999752079526952,
        0.1107850136393991,
        0.10618388792263524,
        0.10076971593676938,
        0.09880740832257963,
        0.0932128707727536,
        0.09208541980551138,
        0.08823653606611771,
        0.08783899152688725,
        0.09046492278045364,
        0.08754959720023002,
        0.0890144221555574,
        0.08760458921138523,
        0.08577172322741364,
        0.08476284226781892,
        0.08737843588781971,
        0.0861061911823021,
        0.08407582682809539,
        0.08649564716277892,
        0.08287866374643733,
        0.0854779523593787,
        0.08614655180944017,
        0.08308525289716415,
        0.08409186623894935,
        0.08581570071313746,
        0.08509576605402829,
        0.08612644864160629,
        0.08445359109436018,
        0.0829043157356153
    ],
    "mean_absolute_error": [
        0.39123589347562615,
        0.22416093801786452,
        0.20674039719934123,
        0.2018548726081613,
        0.19732405492816346,
        0.19510713917635553,
        0.1894345750251666,
        0.18771418886237137,
        0.18426842056950202,
        0.18364350935386456,
        0.18584590822298583,
        0.18231472029895415,
        0.18466779750809115,
        0.18345868172101967,
        0.1810701989452683,
        0.18021913124505773,
        0.18326662453516554,
        0.18214446511088087,
        0.17939657313266988,
        0.18177252493113766,
        0.17825749988819473,
        0.1816237126484942,
        0.18052123958907823,
        0.17823739634334065,
        0.1797194176905584,
        0.18130402270130902,
        0.180818947400841,
        0.18170731196792464,
        0.18039346367406495,
        0.17943500966943057
    ],
    "val_loss": [
        0.40675523021776866,
        0.38924044062521623,
        0.4051595970171987,
        0.4313062647503611,
        0.4222234516655128,
        0.4108740636376056,
        0.3871186485506691,
        0.38678182943293893,
        0.3924274251297814,
        0.390697057344738,
        0.3834758656886309,
        0.387571778822873,
        0.386455177176624,
        0.3936189135638456,
        0.4015237053071484,
        0.39251206876595546,
        0.37382507428854655,
        0.3856410784442009,
        0.3887303613958322,
        0.37726408232778763,
        0.38210000405566075,
        0.3825114599087113,
        0.3573222023598299,
        0.38320829554682084,
        0.3728426778063943,
        0.403255158597241,
        0.38268647968844716,
        0.38305401691543944,
        0.38348633449921754,
        0.39651116535899605
    ]
}