{
    "loss": [
        0.40694066926030215,
        0.2871847388887236,
        0.2669908526410881,
        0.2455261860150575,
        0.2269186271357522,
        0.2209345250357844,
        0.20805058976133095,
        0.20130862584663853,
        0.1995376065996774,
        0.19181768833995735,
        0.19236558942878598,
        0.18861812923050184,
        0.1856389421733114,
        0.18451886012385976,
        0.18302503745506601,
        0.1807826153338084,
        0.18306117591615212,
        0.1780695589676978,
        0.17610671866320335,
        0.17741606621721248,
        0.17249852350805223,
        0.17431306267936264,
        0.1774487696409338,
        0.1725548609051628,
        0.1751209607869614,
        0.17266237040605464,
        0.17132323190462112,
        0.17183748372100568,
        0.17443290938654887,
        0.1707316315933101
    ],
    "mean_absolute_error": [
        0.45321673187654615,
        0.3563749318993838,
        0.33982520217111534,
        0.3255462727139678,
        0.3116393438055953,
        0.30739736425217773,
        0.298819143364637,
        0.29469690585979547,
        0.29212415131943936,
        0.28662250003324635,
        0.2878830772181953,
        0.2841570744836691,
        0.28279754826739717,
        0.2820459692036998,
        0.28114915967992093,
        0.279192012183036,
        0.2806493883711264,
        0.27682135284397824,
        0.27540932920011996,
        0.2763806637910426,
        0.2720814035461935,
        0.2735187083091231,
        0.27561158827069016,
        0.27268950135354153,
        0.27480083049300685,
        0.2732039343836597,
        0.2709052040441369,
        0.271969530907422,
        0.2734870577345735,
        0.27109589313419885
    ],
    "val_loss": [
        0.28945852664919447,
        0.43202786882024363,
        0.30328185982384764,
        0.4631575320529971,
        0.4037603221091218,
        0.3849493810736956,
        0.5737526730047005,
        0.3745001663049513,
        0.4743559842873879,
        0.45796561943361686,
        0.4490356693825845,
        0.4198334468746135,
        0.4105848944868305,
        0.4435081320965313,
        0.39843875124201283,
        0.37473382219593604,
        0.4227394948630928,
        0.4262288884472818,
        0.40505860954094997,
        0.381234527030671,
        0.3724317251194976,
        0.3928529095393309,
        0.3798836392875476,
        0.42513370142128487,
        0.41032811482100806,
        0.40196837828298854,
        0.3865545674698895,
        0.37849523975835686,
        0.42780426463394994,
        0.3908528102017571
    ],
    "val_mean_absolute_error": [
        0.36215895108459417,
        0.4385270037808932,
        0.35922837253628326,
        0.44509453123985077,
        0.4196527752147359,
        0.4078057142500538,
        0.48819357414992876,
        0.4038431571199383,
        0.45053586729598527,
        0.44396484899878375,
        0.4300883593800974,
        0.42282647740752327,
        0.41936527235698423,
        0.4317361082478314,
        0.41216957938487614,
        0.40378583341069724,
        0.42839998425223774,
        0.4241346742981558,
        0.41798049620611716,
        0.40203479359286287,
        0.39597478969667244,
        0.4107890109296279,
        0.40457182425032756,
        0.42330722259298253,
        0.41913912961192257,
        0.4110861151773807,
        0.40572405350839447,
        0.4031632167629249,
        0.4321388716309187,
        0.41269090251439505
    ]
}