{
    "val_loss": [
        3218.073007262096
    ],
    "val_mean_absolute_error": [
        45.723438357809336
    ],
    "loss": [
        0.3708520551752603
    ],
    "mean_absolute_error": [
        0.38679658851361526
    ]
}