{
    "loss": [
        0.3888160375361143,
        0.26845427834223207,
        0.23202768986502903,
        0.21004931354992123,
        0.19840542570294342,
        0.19171115186996263,
        0.18290944259085806,
        0.1754643379268434,
        0.17672688498991224,
        0.1719922815391946,
        0.16934695615559953,
        0.1709851447095889,
        0.1697329101350451,
        0.16430963444520547,
        0.16652839899857996,
        0.16324438496744664,
        0.16461912158658162,
        0.1649138481920237,
        0.16299517788109122,
        0.16502424136346458,
        0.16147788077782674,
        0.162003013494819,
        0.16137649135781756,
        0.1646457696955151,
        0.1593048809152571,
        0.16265144238036894,
        0.1596211021114289,
        0.1623419390159863,
        0.15931007368037786,
        0.16066985041491472
    ],
    "mean_absolute_error": [
        0.4435686668432505,
        0.343882572562325,
        0.31675287464439805,
        0.3010123660768167,
        0.2926252169451516,
        0.2875996804371033,
        0.2800105106473096,
        0.2747068146892256,
        0.27596009319011444,
        0.2710051458633471,
        0.2696591225865983,
        0.2709979816535666,
        0.26949089605681553,
        0.2662139738684485,
        0.2683269958903582,
        0.2653408948640535,
        0.2671185675652544,
        0.26694343361267997,
        0.2656684031278971,
        0.2670941274324452,
        0.2639427712096214,
        0.263898344433643,
        0.26391619408103756,
        0.26625907917520836,
        0.26167107497553505,
        0.2644457920462352,
        0.26233436747685457,
        0.26498458748525144,
        0.260901787723642,
        0.26255308306872877
    ],
    "val_loss": [
        0.37761523477800363,
        0.5396650851814602,
        0.4733743759518738,
        0.6827878765831059,
        0.3755321662019441,
        0.4714628726916512,
        0.36492233209577296,
        0.43973719485580126,
        0.3849919944894826,
        0.3337559248251243,
        0.4034402628838665,
        0.365361890431188,
        0.3404085106489984,
        0.3291989678928269,
        0.33805398860992764,
        0.34912696366473706,
        0.37127714658577704,
        0.37834958335027696,
        0.3541232571759678,
        0.3901368519830104,
        0.35272354344024687,
        0.3513964555267543,
        0.34770508947286155,
        0.3479259367796173,
        0.3589364297656123,
        0.3672377496081327,
        0.3714136351549982,
        0.34497894232140086,
        0.3468147679999821,
        0.33658517305190516
    ],
    "val_mean_absolute_error": [
        0.4050319152004273,
        0.47767177429208396,
        0.45922860362806267,
        0.5832465635711473,
        0.4012697007716683,
        0.4402115836763268,
        0.3946849781201239,
        0.4290125381474377,
        0.4046420092494751,
        0.38136842696197853,
        0.4151987099808477,
        0.3941814305415009,
        0.37946533847544855,
        0.37485598285352284,
        0.3745022067768527,
        0.38068202469940843,
        0.39889545219054645,
        0.38895189769827065,
        0.3871714600249176,
        0.4136220516909839,
        0.3949176517934113,
        0.38401871983104263,
        0.3879825876128016,
        0.3833522188957709,
        0.3840916855280503,
        0.3978348958470133,
        0.3914078539079194,
        0.3838702465729855,
        0.3733368831411827,
        0.3810376102053373
    ]
}