{
    "loss": [
        0.4354974973764895,
        0.3177993908784532,
        0.28781722927705294,
        0.2603000684432693,
        0.24194091911904214,
        0.2281357266558552,
        0.21805340453172636,
        0.2088320193648627,
        0.20251745469383736,
        0.2000993995644516,
        0.19532971887037578,
        0.19228708601434125,
        0.19036180856603052,
        0.1868203714625384,
        0.18956134829328114,
        0.1825798782836369,
        0.18363214816689005,
        0.18339863285914682,
        0.18103976840486516,
        0.180419646538799,
        0.17771156961105727,
        0.1768806994404009,
        0.17713327886415112,
        0.1722926672465502,
        0.1765813846610716,
        0.17558068125209655,
        0.17490973142262414,
        0.17270472043749013,
        0.17529598197164686,
        0.1742850685340892
    ],
    "mean_absolute_error": [
        0.4708123381848738,
        0.3773653571100435,
        0.35542617390434517,
        0.3367355907703661,
        0.3242417029727986,
        0.31301064427246017,
        0.30657396810781806,
        0.3006149387667292,
        0.2947786094743418,
        0.29368826678129517,
        0.2896931269710326,
        0.28730968662761075,
        0.28725163743390275,
        0.2836068703549778,
        0.28657994999089564,
        0.280981908309137,
        0.2813395102322497,
        0.28091684384212184,
        0.2792501580583094,
        0.2791210776531076,
        0.2774246689485833,
        0.2757908341152526,
        0.27659294241446125,
        0.27320317287618917,
        0.275928212097409,
        0.27606675381260093,
        0.2745982222199725,
        0.27349950401349715,
        0.2757601631318877,
        0.27460034462700417
    ],
    "val_loss": [
        0.33963854514648684,
        0.4262205153347646,
        0.429746790217125,
        0.39638221478722435,
        0.3988471998073825,
        0.3141912910921673,
        0.3720751790781634,
        0.3542203887467035,
        0.32627716237437393,
        0.3583283070608951,
        0.3870532063997117,
        0.35752765484566496,
        0.35802645106710795,
        0.3780123327160254,
        0.34647521361730393,
        0.37101758323583134,
        0.30668321446216057,
        0.3688807442782209,
        0.3537656080588931,
        0.3333467999311938,
        0.3236170161179699,
        0.3385174099025722,
        0.354701573798342,
        0.35157524727110906,
        0.3265820092368612,
        0.36376789086196776,
        0.3493035460968483,
        0.33638407626189787,
        0.34350053726485635,
        0.3357154865143129
    ],
    "val_mean_absolute_error": [
        0.3940845181465529,
        0.4427368070835331,
        0.4463688870990795,
        0.43188148962764855,
        0.4318930766329707,
        0.3780220806788487,
        0.3936223070851019,
        0.38808218667564437,
        0.36928065532656296,
        0.39321081487426335,
        0.39918578122673265,
        0.3923561797811474,
        0.38870112539611107,
        0.3893388665939687,
        0.372593193024302,
        0.37939954270666065,
        0.3651310748493817,
        0.3814421169095991,
        0.39265387464559887,
        0.36620640303868396,
        0.3668593187814464,
        0.37923754111224994,
        0.38476209505016257,
        0.3784021238940758,
        0.3667676526491556,
        0.38952456947787806,
        0.3810417540747111,
        0.374884389247943,
        0.3850544744671467,
        0.3763900873530063
    ]
}