{
    "loss": [
        0.42851418509561323,
        0.3193274481081643,
        0.2925503120620215,
        0.26639282301556705,
        0.24281951793293508,
        0.22646895107356416,
        0.21592560171044872,
        0.20801260326262327,
        0.200928233291152,
        0.19601779218714668,
        0.19372724469937977,
        0.1896424706269702,
        0.1854840724579713,
        0.1845765074887046,
        0.1811418695706032,
        0.18341441511860188,
        0.1818796790690871,
        0.17975584700586958,
        0.18194814197122933,
        0.17559473200356626,
        0.17488733102281276,
        0.17489163808842464,
        0.17319104258347234,
        0.1726661860612132,
        0.1727200075801098,
        0.17388413411084633,
        0.170268939277654,
        0.16967274426040685,
        0.17165357835584413,
        0.1724676249686959
    ],
    "mean_absolute_error": [
        0.46629414957752274,
        0.37927229951220837,
        0.3598673850467978,
        0.33989490056509297,
        0.3228611276384182,
        0.3106689869392576,
        0.30494532233693356,
        0.298282943640276,
        0.29263618176767403,
        0.289220434314949,
        0.2872766704059299,
        0.28361584906784654,
        0.28218987232544746,
        0.28181495779093096,
        0.27834500618191976,
        0.2803488237478804,
        0.2789748137176132,
        0.2782618153084963,
        0.2786130802705884,
        0.27378113018131306,
        0.2736543360929501,
        0.2737354984805542,
        0.2720380983188859,
        0.2717760668557351,
        0.27223391324230284,
        0.2730944339035676,
        0.2691172402719878,
        0.26952709888568793,
        0.2718435538746812,
        0.272720557860951
    ],
    "val_loss": [
        0.5009709279707101,
        0.4506019500445455,
        0.36112723582213635,
        0.3918182930141399,
        0.3690217843422228,
        0.4049143467445496,
        0.3243549636915754,
        0.34133462904926637,
        0.3630419884086142,
        0.3488414114737347,
        0.32072993045531395,
        0.3570110032137438,
        0.3550114837186431,
        0.36513673763462906,
        0.3639372956319643,
        0.3699768954562221,
        0.38791068519056315,
        0.3122669562364725,
        0.390672167405279,
        0.3949137588845756,
        0.3718168597440769,
        0.4124483386704188,
        0.3576552844771632,
        0.3750885685092266,
        0.3645671078854442,
        0.34478763586136113,
        0.3621033029033874,
        0.3410899818141059,
        0.4318501300493852,
        0.3761535729649882
    ],
    "val_mean_absolute_error": [
        0.46174658461515405,
        0.4511547952835031,
        0.38605213578940706,
        0.41194219266374904,
        0.4013991737164826,
        0.41165810656553875,
        0.3751827008911505,
        0.3757677667175129,
        0.38662116736917107,
        0.3870975003081459,
        0.3672015661405372,
        0.39027181076530504,
        0.3861941280725339,
        0.390915041475017,
        0.3946387652750671,
        0.4058564662529974,
        0.41549498981730953,
        0.3612344957109058,
        0.4151993392177733,
        0.4074353938032487,
        0.39686390448899467,
        0.41441994819655664,
        0.38893979886297586,
        0.40087851817322195,
        0.3868192717780986,
        0.381755020331014,
        0.3909904042519866,
        0.37762134264355757,
        0.43009440205010513,
        0.40246669867821433
    ]
}