{
    "loss": [
        0.3931977894718733,
        0.27300496907675376,
        0.24059637432132952,
        0.21824858652085716,
        0.20286707226493478,
        0.19142226601462423,
        0.18980335142619656,
        0.18677037632903046,
        0.18049388891259,
        0.17521267762628132,
        0.17204993129240728,
        0.17097395314962796,
        0.16996949652717558,
        0.17081432896377044,
        0.16937872232444637,
        0.16890447153319307,
        0.1669484173190422,
        0.16854038006849015,
        0.16604183859838423,
        0.1650713592218512,
        0.1690284058428419,
        0.1668394438513592,
        0.16676619067487075,
        0.16536069310878526,
        0.16786861158670133,
        0.16276412581527633,
        0.1638379490872768,
        0.16442907818903527,
        0.16495155167964637,
        0.16335740442893956
    ],
    "mean_absolute_error": [
        0.44446415364773917,
        0.3472619110564138,
        0.3224873846661766,
        0.3070007779174771,
        0.29499141580075217,
        0.2869102676673901,
        0.28537655498875963,
        0.28346311751824277,
        0.2779695995215271,
        0.2738816817488814,
        0.2710807330712613,
        0.27115437754028476,
        0.2694242840866121,
        0.27058464845725494,
        0.2700815660238361,
        0.2686985748604478,
        0.2668993359178526,
        0.26890315713495366,
        0.267150388223825,
        0.26627738350674096,
        0.26931145537798856,
        0.26677125188346057,
        0.26712586579650577,
        0.2662239845411065,
        0.2679704662190944,
        0.26508526769595225,
        0.2656041608714042,
        0.26500287572032677,
        0.26602124062024707,
        0.2651425491377806
    ],
    "val_loss": [
        0.39431530216683075,
        0.3985069363201017,
        0.3804869650830485,
        0.29921034670404245,
        0.36809659251952376,
        0.3668010186756449,
        0.3923749544182219,
        0.384260856377647,
        0.3937026268374738,
        0.36873100371796524,
        0.3904714910518635,
        0.3417144272930726,
        0.4066482324078046,
        0.3349611558807463,
        0.3839024083810955,
        0.36669536559687305,
        0.33797301031962274,
        0.33939347192958974,
        0.3417932766686429,
        0.3772529668737976,
        0.3564922266103171,
        0.3551493762468824,
        0.35071255922472727,
        0.33154630820463893,
        0.3442319587922646,
        0.36181610121652225,
        0.3686552641443926,
        0.3691112816249981,
        0.3535117482866117,
        0.3220141572624914
    ],
    "val_mean_absolute_error": [
        0.4168434457857391,
        0.4158306776282957,
        0.4203653952933358,
        0.3553068464732632,
        0.3814575479854286,
        0.4020436953895601,
        0.4093859478427916,
        0.40778690709034476,
        0.415436834003974,
        0.3912531964445285,
        0.41245652797123744,
        0.3836477269673613,
        0.4154415445287579,
        0.37470725147872214,
        0.3942982589355383,
        0.3999983668801891,
        0.3828208854900487,
        0.38106303858806057,
        0.38404542971758326,
        0.40099870551757183,
        0.3857336496289685,
        0.38457895058252695,
        0.3874032246561883,
        0.3718449303647009,
        0.3777471952330155,
        0.39280140342194814,
        0.3957163995554999,
        0.39222024440678377,
        0.38860775833660754,
        0.3732982177362479
    ]
}