{
    "loss": [
        0.4280287507840387,
        0.3295855285108461,
        0.3003121926780442,
        0.2673533157877537,
        0.24601285448129784,
        0.22861003146690737,
        0.21289134053997855,
        0.2052187891677022,
        0.20159208501645634,
        0.19548444989267855,
        0.1929507581959528,
        0.18840171533588304,
        0.18712293249423934,
        0.18298073268741183,
        0.1800022885474503,
        0.18183863483321894,
        0.18033234415661875,
        0.1795844908947305,
        0.17666207445041926,
        0.17750026297907795,
        0.175432512498087,
        0.17354623044024353,
        0.17536289798073082,
        0.17335647893199527,
        0.17177084736444942,
        0.17154351959742542,
        0.17057905546891267,
        0.1699879155867494,
        0.172145135470838,
        0.17456071719766006
    ],
    "mean_absolute_error": [
        0.46025245234117135,
        0.3854869769395758,
        0.362859590987491,
        0.3402183958608064,
        0.325403677768246,
        0.3129987014425946,
        0.3023387767718571,
        0.2970861049127743,
        0.2942934765652486,
        0.2909343880591341,
        0.28822349205478676,
        0.2859414446834008,
        0.2844977815202467,
        0.28106218345479095,
        0.2787343940140003,
        0.28045041079093125,
        0.27946026499270443,
        0.2786264134385087,
        0.27671377641601674,
        0.2771409562790881,
        0.2764661846219734,
        0.27500806940173744,
        0.27656528636745936,
        0.2736001447092291,
        0.27285225036298966,
        0.2727413557631986,
        0.27292933386420304,
        0.2710491054653805,
        0.27404209116628025,
        0.2749998596311011
    ],
    "val_loss": [
        0.4659658392578375,
        0.22938741913713878,
        0.2789316499289896,
        0.4106995402868059,
        0.5650076604138806,
        0.4468050133296034,
        0.4187239898612051,
        0.3866320093604909,
        0.39476230863679246,
        0.3940752530816523,
        0.40427600939124386,
        0.40875658616109706,
        0.3947542689551823,
        0.3887180800207608,
        0.36190254341021494,
        0.35083905176459534,
        0.3475939042739187,
        0.3672889786042795,
        0.35140518567480605,
        0.31883574874829174,
        0.3557975575665997,
        0.38444625768494634,
        0.3896380387416659,
        0.35202779584849003,
        0.37128455604822275,
        0.37481826180226374,
        0.3600022014968405,
        0.3370958225311704,
        0.36136905489983273,
        0.3717477229675189
    ],
    "val_mean_absolute_error": [
        0.4763304804532834,
        0.31630328978805344,
        0.34073271543467754,
        0.4216083406555741,
        0.5120707914676129,
        0.4392953241943933,
        0.4164520897714702,
        0.4080796792684024,
        0.40363738753075556,
        0.40424394584606915,
        0.4182425823137797,
        0.41043779267010033,
        0.40403885626077907,
        0.39708210850597186,
        0.38665802647693837,
        0.3886742519309661,
        0.38725781422938893,
        0.38726020852922444,
        0.37440719764932767,
        0.36125102010802734,
        0.38924188696979023,
        0.3930473548148595,
        0.4111386048736055,
        0.38326732973091604,
        0.39066575610349763,
        0.3923980976215657,
        0.3794041200266111,
        0.3653770593151197,
        0.3809472332232001,
        0.3865056946090642
    ]
}