{
    "loss": [
        0.46521578221868587,
        0.3342696801856192,
        0.3115087792221971,
        0.2838961637490913,
        0.2618203022657654,
        0.24420736295184922,
        0.23443181278982897,
        0.22437687627200015,
        0.22001420907407304,
        0.210691875328296,
        0.20255647410614902,
        0.20155629645138307,
        0.19972917463876616,
        0.19658235269410818,
        0.19118501967651624,
        0.19061405977086934,
        0.18660723968424325,
        0.18738258405635033,
        0.18393984716126077,
        0.18719368935053507,
        0.18434663098962925,
        0.18518473276761688,
        0.18129315009726718,
        0.18214795094639885,
        0.18056735042220617,
        0.18173263621523447,
        0.17917926694566064,
        0.17614936533274284,
        0.17886182919145618,
        0.1799453500734401
    ],
    "mean_absolute_error": [
        0.48375984758629037,
        0.38731954724086953,
        0.3697316911656829,
        0.35068019541403606,
        0.3360318902409349,
        0.32440653334978786,
        0.3177659088654756,
        0.3099006535248107,
        0.30795719129509924,
        0.3002560818409686,
        0.2948871826932957,
        0.2943344984614862,
        0.2935225867790876,
        0.2913359813965588,
        0.286984806785443,
        0.28652416560561605,
        0.2837602855447846,
        0.28360310169193903,
        0.28156913514891657,
        0.28475032625779223,
        0.281144762378099,
        0.2831602666206705,
        0.280793771986116,
        0.2810464339605641,
        0.27976104331987806,
        0.2799026251843717,
        0.27871174265822346,
        0.2769155860057935,
        0.2797297263585205,
        0.27963660870957524
    ],
    "val_loss": [
        0.3394016253647262,
        0.3942796777991426,
        0.558451709822102,
        0.3164375634827392,
        0.3859451006173063,
        0.35720863239810324,
        0.42881769504868467,
        0.37261907526068466,
        0.3903228629246006,
        0.3664818057732809,
        0.40965613392451106,
        0.367825933421219,
        0.38657035188679734,
        0.3913021745536409,
        0.3656611350338289,
        0.39602123999209615,
        0.36783373925423113,
        0.37793258567933374,
        0.34940335934417177,
        0.338097987526787,
        0.3694488258603288,
        0.3650714488516635,
        0.36751288705977025,
        0.3651526461887661,
        0.3684764052959972,
        0.37265613110466106,
        0.36658501684220285,
        0.3777063046777305,
        0.3672735433063555,
        0.36309748226351596
    ],
    "val_mean_absolute_error": [
        0.4037330744119713,
        0.4172842671754602,
        0.5260150804482954,
        0.3661414164784829,
        0.4209089864088883,
        0.38598558578576947,
        0.4116138177024173,
        0.39181033159248263,
        0.39632861795311203,
        0.38944664778634747,
        0.4071754443532374,
        0.3879929363664295,
        0.39738900458238496,
        0.40674002239808854,
        0.3883145443359568,
        0.4035398886754571,
        0.3977385965984655,
        0.3881480809194362,
        0.3848631270269363,
        0.36928888012293226,
        0.3907852130971707,
        0.3902007280977447,
        0.3895127854632281,
        0.3869167887615613,
        0.3876624095951644,
        0.39203907789231424,
        0.38831804922115526,
        0.3935108765734324,
        0.38986125319104664,
        0.38689806359185347
    ]
}