{
    "val_loss": [
        0.36633192698244854
    ],
    "mean_absolute_error": [
        0.39962567171335084
    ],
    "loss": [
        0.3072861264203977
    ],
    "val_mean_absolute_error": [
        0.4292039609752129
    ]
}