{
    "val_mean_absolute_error": [
        0.5647195798659553,
        0.45367643117349965,
        0.4780189915020723,
        0.46515509392068133,
        0.4441357762613205,
        0.456099739316084,
        0.4464074303740105,
        0.4648441534407449,
        0.4279287111453262,
        0.44587815204583786,
        0.4294805203328614,
        0.42458284289502046,
        0.4516903593152913,
        0.4280679165409301,
        0.4356091541888952,
        0.42690946285292986,
        0.4275300950484295,
        0.45438154380468077,
        0.44416619021208087,
        0.4409729002460678,
        0.43681203757580295,
        0.43757477108529913,
        0.44568330347874174,
        0.44318335330627495,
        0.44106180266646833,
        0.43433978992266903,
        0.4470546656470479,
        0.435035577070155,
        0.43740605132195215,
        0.43892698553881937
    ],
    "val_loss": [
        0.6640095124698785,
        0.42079212777348085,
        0.5048110882924461,
        0.4595431008339937,
        0.40817015010441215,
        0.43999419115311467,
        0.4126090448873944,
        0.45642453733699273,
        0.39271861413841486,
        0.41900415113379624,
        0.38602177480007727,
        0.37527503923329675,
        0.4336301074906957,
        0.3896499635789331,
        0.4079737523218719,
        0.3852270915526508,
        0.39168844333951225,
        0.4467162975271375,
        0.4261909043584471,
        0.42372004406025565,
        0.41276910934057265,
        0.40791236054314034,
        0.4213244163804702,
        0.4221353184303623,
        0.4214313948612074,
        0.40288146809415837,
        0.43245821898762143,
        0.40710654952686787,
        0.41515970723446116,
        0.41214899044511216
    ],
    "loss": [
        0.30181017838359653,
        0.1248903859935142,
        0.11333574152468072,
        0.10481443254931609,
        0.09996499087019611,
        0.09645742541273611,
        0.09247082063363045,
        0.08874913683456347,
        0.0855715576983732,
        0.08650028086363275,
        0.08405204264521157,
        0.08632673247894866,
        0.08501762131416044,
        0.08493530814857912,
        0.08507709815001427,
        0.08490635532934641,
        0.08384745011804232,
        0.08494538165409868,
        0.08663403137533958,
        0.08562311666870034,
        0.08440869368202522,
        0.08357135743179579,
        0.08387371063866961,
        0.08458034569571962,
        0.08529879291462032,
        0.08307348502323439,
        0.08461795699768487,
        0.08460739866017011,
        0.08246562822985327,
        0.08302632453880292
    ],
    "mean_absolute_error": [
        0.3936639946779826,
        0.2203581486794482,
        0.2085832637906478,
        0.20151896145692735,
        0.19728962558511282,
        0.19293355362072748,
        0.1891925222058116,
        0.18515022223614666,
        0.18179859326247838,
        0.18209236374915957,
        0.18005195189660306,
        0.18284603523261722,
        0.18043232786910923,
        0.18026447036653942,
        0.18253678687702649,
        0.1800389107016272,
        0.18050782859863296,
        0.18152223569033715,
        0.18257123539071934,
        0.1825675169101591,
        0.18086934368269497,
        0.17937987391273316,
        0.17997337427689944,
        0.18059219873588567,
        0.18202785541630706,
        0.17915285826863978,
        0.18023149407160396,
        0.1804723776320129,
        0.17807263383002048,
        0.1783441257254928
    ]
}