{
    "val_rotation_mean_absolute_error": [
        0.004160025770223063,
        0.00423462901522965,
        0.003773030224870426,
        0.0041500181719428915,
        0.003992670968781975,
        0.003605456002190192,
        0.0035682042978384884,
        0.0037584684993649067,
        0.0037528409332745353,
        0.00373247366304279,
        0.0037320077342597666,
        0.003686764608581591,
        0.0036353566190577605,
        0.003547485579366461,
        0.003894270042343942,
        0.0035926351790898973,
        0.003609383223824141,
        0.0037222752949932782,
        0.003921210287324689,
        0.003786495690740202,
        0.0035978702152689923,
        0.003704252881699908,
        0.003772771850548637,
        0.003676175737863252,
        0.0036427664348740434,
        0.003975644675640818,
        0.0037003841935692805,
        0.003933026840675013,
        0.0036120905083996658,
        0.003689487682819325
    ],
    "loss": [
        0.35441504446730304,
        0.27659682982063394,
        0.2376641648245141,
        0.20481983291068276,
        0.1820988446091462,
        0.16393300999824012,
        0.15101152469664555,
        0.14525087977089224,
        0.140844377819969,
        0.13293599466137754,
        0.12828227737251147,
        0.1235324148463892,
        0.118129465684879,
        0.11948031832767066,
        0.11194449706552273,
        0.11149963566903895,
        0.1080330836076503,
        0.10866352912006927,
        0.10673778511535854,
        0.10553928744245614,
        0.10045001469713175,
        0.10092965252905088,
        0.10028822863221884,
        0.09788763033613689,
        0.09450905671048584,
        0.09525485646183308,
        0.09432298914371691,
        0.09315565829335824,
        0.09156924283088456,
        0.09038582761107594
    ],
    "val_translation_mean_absolute_error": [
        0.40044798880356763,
        0.3665123083539734,
        0.36807259615123145,
        0.34763927841578823,
        0.43415219518267045,
        0.3850157203591743,
        0.36358852502187977,
        0.36424521755055383,
        0.3943926814919824,
        0.363565719629106,
        0.4122542611258045,
        0.43506205341365434,
        0.4067894071716254,
        0.35927032115187046,
        0.3888297275839781,
        0.4095196039148956,
        0.4369160395032566,
        0.43142470451676923,
        0.4459998588376301,
        0.4268390376698186,
        0.43249196524785205,
        0.4174941792044069,
        0.496753416979199,
        0.4170480257260065,
        0.4753486610466571,
        0.5260980041527571,
        0.4586846407249791,
        0.4631878675066425,
        0.5057195672041671,
        0.5292653085746962
    ],
    "val_rotation_loss": [
        0.003735586944885211,
        0.003737214834453066,
        0.003733056068538593,
        0.0037350470212023927,
        0.003736473529115223,
        0.0037329822344109157,
        0.0037325674569345393,
        0.003732899152717306,
        0.0037329319420235834,
        0.003732788119774745,
        0.003732797536333047,
        0.0037336227810047845,
        0.0037331808833949627,
        0.0037327580417833377,
        0.003735555038126136,
        0.0037325142020429854,
        0.003733050001625465,
        0.003732763983278903,
        0.0037357533339933548,
        0.0037347519579587346,
        0.0037331191575750594,
        0.003733049303181152,
        0.0037329225764095365,
        0.0037331158676672123,
        0.0037336121837968535,
        0.0037343306340379295,
        0.0037334525344643486,
        0.003733950344226644,
        0.00373315690252916,
        0.003732652017507854
    ],
    "rotation_loss": [
        0.006711598680245847,
        0.0037518264582615335,
        0.0037432380927029233,
        0.003739891981750716,
        0.0037389224102571035,
        0.0037383653632626222,
        0.0037376060953167893,
        0.003737651133656892,
        0.0037375014457683444,
        0.0037375018845288537,
        0.003737571490107383,
        0.003737459783174279,
        0.003737520971155426,
        0.003737569621698661,
        0.003737525285936312,
        0.003737520355711363,
        0.0037374891653061773,
        0.003737403169032115,
        0.003737549865348307,
        0.003737536279765472,
        0.0037375156874276064,
        0.0037374483040323544,
        0.0037374801761050295,
        0.0037374325130766217,
        0.0037375417969258418,
        0.0037375716375491266,
        0.0037374878512437385,
        0.003737546281451144,
        0.0037374937939617958,
        0.0037375377693438633
    ],
    "val_translation_loss": [
        0.39172782941035245,
        0.32140694352792726,
        0.3177095292679036,
        0.2857465812424297,
        0.44649107397717847,
        0.3670570615537152,
        0.3385242549980587,
        0.3077739855195959,
        0.37596060485740224,
        0.3264494613598985,
        0.4385586059345783,
        0.5311856303421381,
        0.4480200414780642,
        0.33328374996193094,
        0.3899464379214274,
        0.44403259362802977,
        0.5382452708233499,
        0.5122175867076827,
        0.5378147849836338,
        0.4854150730581418,
        0.5095867054365653,
        0.45851223616966597,
        0.6572373037677823,
        0.4687067457537054,
        0.6327320490326068,
        0.7025678122595087,
        0.5970983857012377,
        0.5684875894223949,
        0.7331535205728351,
        0.7237929990188854
    ],
    "translation_loss": [
        0.34770344548083587,
        0.2728450033816681,
        0.23392092668542325,
        0.20107994095774293,
        0.17835992219686833,
        0.16019464471002234,
        0.14727391861626313,
        0.1415132285798198,
        0.13710687656871057,
        0.1291984929166825,
        0.12454470590121783,
        0.11979495510439173,
        0.1143919445848391,
        0.11574274877191575,
        0.10820697175784752,
        0.10776211525537983,
        0.10429559447758113,
        0.10492612597766884,
        0.10300023517768628,
        0.10180175111895019,
        0.0967124990670054,
        0.09719220428745363,
        0.09655074836689219,
        0.09415019786856858,
        0.09077151486318412,
        0.09151728479663748,
        0.09058550130583311,
        0.08941811206497226,
        0.08783174907040214,
        0.08664828974587029
    ],
    "translation_mean_absolute_error": [
        0.4068324209967996,
        0.3562021632530507,
        0.3257259267487122,
        0.30049435556876114,
        0.28165167381476824,
        0.26518831366273693,
        0.2556482247391324,
        0.24977442027996996,
        0.24575283798841946,
        0.23856820308478774,
        0.23500061063728672,
        0.22933718586150723,
        0.22440936322859834,
        0.22573092330005928,
        0.21893002999641967,
        0.21716446909784576,
        0.21422734985033134,
        0.2146787487559669,
        0.21272550106855334,
        0.21186090554377646,
        0.20636602891450886,
        0.20637398936455542,
        0.20600911299648622,
        0.2037213816210596,
        0.19992048461919537,
        0.20029217939163438,
        0.1997757426081443,
        0.19804514301031226,
        0.19533981543010587,
        0.1956725170669757
    ],