{
    "val_rotation_mean_absolute_error": [
        0.005485447323109931,
        0.004316736506319194,
        0.0037633353740815024,
        0.0036894767771629743,
        0.0035872339435868883,
        0.0036353029928866167,
        0.003565807314564903,
        0.0036723324628606152,
        0.003687486738214198,
        0.0038074858866299793,
        0.003692956010717973,
        0.003657527494306316,
        0.003688838928469532,
        0.003797910688577824,
        0.003768531664071586,
        0.003787621049602929,
        0.004010856731340236,
        0.00358158711599759,
        0.003853203645407325,
        0.0036385128477359916,
        0.0037518166521076715,
        0.003648563783550699,
        0.0035563095764347477,
        0.0035643105663097415,
        0.0036811923294035507,
        0.003632220255999209,
        0.0036117461950545627,
        0.003559742622936862,
        0.0036171897455497255,
        0.003861786471568582
    ],
    "loss": [
        0.36718359406031037,
        0.3178150457801641,
        0.28648428811252735,
        0.2603605212322426,
        0.24002749969809062,
        0.22859260816677748,
        0.21773445540757339,
        0.2095246316809227,
        0.20747567650752297,
        0.20215271774683377,
        0.1956228593608064,
        0.19500872267077968,
        0.18948910132741592,
        0.18742629422508617,
        0.18799900916746606,
        0.18316988134015186,
        0.17962562556713702,
        0.18173102620196174,
        0.17809906516312138,
        0.17767594732945258,
        0.1747364846721584,
        0.17577478758132603,
        0.175483844259303,
        0.17064543701142307,
        0.16682674224372762,
        0.1657534319059152,
        0.17041313381061834,
        0.17112715350910862,
        0.1669421551448556,
        0.1686850266410987
    ],
    "val_translation_mean_absolute_error": [
        0.5201971251082521,
        0.40198073702253356,
        0.37868819967893025,
        0.39749928334660656,
        0.3587621073268212,
        0.35916018270493943,
        0.3613066640178299,
        0.3598467909163477,
        0.35965093286537947,
        0.3834298362524393,
        0.37198148575471024,
        0.40548518239154685,
        0.3863150088705771,
        0.39565361612090827,
        0.3831376936939207,
        0.3800507498897153,
        0.36347803653409655,
        0.394094523955967,
        0.37289410604128415,
        0.37633232442927084,
        0.4001070873084183,
        0.38165980710839803,
        0.4161008419923785,
        0.3878244607216993,
        0.3848694046196032,
        0.37327507309686797,
        0.37174907355962794,
        0.3740006302337057,
        0.38766222413937756,
        0.3849155816295028
    ],
    "val_rotation_loss": [
        0.0037470599249487513,
        0.0037404813281961464,
        0.0037338006457836408,
        0.0037339276371261532,
        0.0037328914930861846,
        0.0037328055558577483,
        0.0037329431386058758,
        0.0037336998121538286,
        0.0037337188889959814,
        0.0037347549067658797,
        0.0037328158388722434,
        0.0037335277077835812,
        0.003733762549955255,
        0.0037349100865008496,
        0.003733003703356433,
        0.0037347218123600866,
        0.0037364755336771333,
        0.0037329626197081687,
        0.003735463980572829,
        0.0037334743045877475,
        0.003732863721284628,
        0.0037326482675266556,
        0.0037328980765064064,
        0.003732595334684595,
        0.0037326408379600886,
        0.003732634587588628,
        0.0037325010474981365,
        0.00373289779017927,
        0.003732689321252653,
        0.0037345681126872044
    ],
    "rotation_loss": [
        0.005158943334098737,
        0.0037517598365452236,
        0.0037446401638799123,
        0.003740012028459293,
        0.0037386151944675257,
        0.0037381981384154816,
        0.0037376554232938044,
        0.0037375595225961227,
        0.0037374865823690726,
        0.0037374689924805893,
        0.0037374822662904358,
        0.0037375412340564774,
        0.003737476630967837,
        0.003737588368669056,
        0.0037374101668457803,
        0.0037375022011035134,
        0.0037374569435042315,
        0.0037374764432239324,
        0.003737472377669698,
        0.0037375348882851918,
        0.003737451554401843,
        0.003737536100365555,
        0.0037375272132520723,
        0.003737476444141841,
        0.003737484825106259,
        0.0037374255780939654,
        0.0037374673662528574,
        0.0037374698534484016,
        0.003737551628750862,
        0.0037374355848055164
    ],
    "val_translation_loss": [
        0.5513105988329486,
        0.36134323644909794,
        0.3416233290913228,
        0.3680318128855181,
        0.3047966159791305,
        0.3163733278389332,
        0.3150238716562581,
        0.32974474889879024,
        0.33246474990568314,
        0.3480576507993351,
        0.3464665515132663,
        0.3986045976793255,
        0.3562272997202145,
        0.36619664448750405,
        0.329531220222414,
        0.34905198518710306,
        0.31680628923118914,
        0.36370245311564947,
        0.33887382408285427,
        0.3232308565980049,
        0.37058224078888696,
        0.33970535865765744,
        0.39595091852891867,
        0.35117049636945846,
        0.3566252996302467,
        0.33181119314827434,
        0.32663239299715396,
        0.34009928011920043,
        0.35249854353006393,
        0.3456754889673501
    ],
    "translation_loss": [
        0.3620246506059807,
        0.31406328559362756,
        0.2827396480853011,
        0.2566205092336025,
        0.23628888457703093,
        0.22485441013487478,
        0.21399680012886485,
        0.2057870721578946,
        0.2037381898767993,
        0.19841524884534797,
        0.19188537715559512,
        0.19127118129816081,
        0.18575162489403182,
        0.18368870599072767,
        0.18426159912467718,
        0.17943237918540797,
        0.17588816864184656,
        0.17799354959926875,
        0.17436159269181287,
        0.17393841257742992,
        0.17099903305142727,
        0.17203725148768476,
        0.17174631714076397,
        0.166907960503024,
        0.16308925744846084,
        0.1620160062533394,
        0.16667566633009157,
        0.16738968357570358,
        0.16320460332130457,
        0.16494759104452877
    ],
    "translation_mean_absolute_error": [
        0.4098327083279816,
        0.3806125607396893,
        0.36039753097273614,
        0.3417129538490609,
        0.326234376133121,
        0.3180572372582403,
        0.30834823170174586,
        0.30264810538769654,
        0.29998507467345703,
        0.29643001898158255,
        0.292511269458097,
        0.29029656331709364,
        0.28697293929581685,
        0.2859902577118794,
        0.28585159690406037,
        0.2826000444211398,
        0.28015659102129964,
        0.2806373405687495,
        0.2775529558689288,
        0.2774600157881998,
        0.27508641996929095,
        0.27641416781220085,
        0.2758203766441206,
        0.2726250818333413,
        0.2694688028143818,
        0.26813329211109954,
        0.272576649954064,
        0.27242001390476134,
        0.2689143334121904,
        0.2710202462089321
    ],