{
    "val_rotation_mean_absolute_error": [
        0.00586602001715671,
        0.0044258916244786254,
        0.003923380169562695,
        0.004403875458163987,
        0.0036959881249062853,
        0.0036169403912217775,
        0.0036659090741843503,
        0.0036285422147499325,
        0.0036226754531286797,
        0.003566660783914162,
        0.003540850200459167,
        0.0035947029536283247,
        0.0036435838645205968,
        0.0035711705751304075,
        0.003865099502679192,
        0.0037474046458688915,
        0.0035629730906205016,
        0.003679169718881292,
        0.003893353997735527,
        0.0035470985299891557,
        0.0038447903396970555,
        0.003660927241917249,
        0.0036685535777347842,
        0.003635323400109425,
        0.003631761062512992,
        0.003753386391641922,
        0.003650991754896045,
        0.0036436242752200814,
        0.003560992143482821,
        0.0037733271532403327
    ],
    "loss": [
        0.3624172947041279,
        0.3237412438239515,
        0.2903057755378417,
        0.2645185921680293,
        0.24921292204641185,
        0.21999831260982783,
        0.21187787532392147,
        0.20041752398466878,
        0.1996823773981861,
        0.18988303244291882,
        0.18775832030656223,
        0.1790653923674706,
        0.17360766484852458,
        0.17255391116598087,
        0.16817791033521365,
        0.16742131492121032,
        0.1637819559756279,
        0.16408817453464125,
        0.1630173125954329,
        0.16028953431818768,
        0.15664566948470085,
        0.15551818684675295,
        0.15286014208692716,
        0.15413424902659348,
        0.14812521560606004,
        0.14866774036023062,
        0.1489966037958038,
        0.14889098959146937,
        0.14585719740630232,
        0.1451340473419888
    ],
    "val_translation_mean_absolute_error": [
        0.8457479823495394,
        0.4453943328311046,
        0.35677443319761576,
        0.3540942608744634,
        0.3410792520977636,
        0.365580801681997,
        0.36586765241819075,
        0.35429123646111055,
        0.36853901191066846,
        0.36624603825888247,
        0.37724563204970074,
        0.36001784872904324,
        0.37092109516286736,
        0.36821496425762046,
        0.3829371253771988,
        0.3693483809934585,
        0.3561081188491639,
        0.34796806269438024,
        0.37838950718410963,
        0.3796327703527616,
        0.41077806764418723,
        0.39295676699888965,
        0.39130298828018034,
        0.38935954780604554,
        0.3757431144329804,
        0.3656042164385382,
        0.38704669795091995,
        0.37869334807757865,
        0.4013522366662915,
        0.3976510819462929
    ],
    "val_rotation_loss": [
        0.003759053812561072,
        0.003737162833826292,
        0.0037335296023959575,
        0.003740502956721412,
        0.0037329197531309065,
        0.0037334317797278207,
        0.003733458926379965,
        0.0037328690224026134,
        0.003733067929993377,
        0.0037325493925178177,
        0.0037326400787493705,
        0.0037329664023176817,
        0.0037334301698019644,
        0.0037325764047116752,
        0.003733218590006804,
        0.0037343997401752048,
        0.003732592671376576,
        0.003732632037948235,
        0.003735774914475311,
        0.0037325897963744327,
        0.003733221071049184,
        0.003732702301120161,
        0.0037337938337660354,
        0.0037325454950370477,
        0.003733443313998659,
        0.003732855853032302,
        0.003732573722529495,
        0.0037326234985324775,
        0.003732964644131834,
        0.0037329586030428797
    ],
    "rotation_loss": [
        0.005301387482562103,
        0.003753005300102971,
        0.0037460191963438224,
        0.0037413945189496934,
        0.0037394966212276875,
        0.0037385218887636402,
        0.00373812933286062,
        0.0037377315955997967,
        0.003737718999231023,
        0.0037374938542968574,
        0.003737573664804418,
        0.003737534882376437,
        0.003737496552007894,
        0.0037375397882449144,
        0.003737404950611123,
        0.003737470539479012,
        0.003737386460215078,
        0.003737482173847668,
        0.0037374451384675324,
        0.0037375073334762134,
        0.0037374644769336816,
        0.003737508790538281,
        0.0037375415770707944,
        0.0037374425019816642,
        0.003737558570074977,
        0.003737542506033379,
        0.003737473314927888,
        0.0037374595451007617,
        0.0037374803646422006,
        0.003737468230621752
    ],
    "val_translation_loss": [
        1.6453487051894589,
        0.4744647976207288,
        0.30262771633185737,
        0.29364197509291123,
        0.27168859022058006,
        0.3294903127725717,
        0.314847198006872,
        0.30691884792752905,
        0.3224173523581437,
        0.31931764438910626,
        0.38201612591927425,
        0.3208125007279255,
        0.33080222084092553,
        0.3335884009797379,
        0.37358085900871874,
        0.3403565984955497,
        0.3007438130625583,
        0.308915910239674,
        0.3479587972846827,
        0.3689004980219106,
        0.40241150726086455,
        0.37639863569523757,
        0.3757908308921162,
        0.3757134340076921,
        0.3558047436262818,
        0.32934334173838353,
        0.36357171218905293,
        0.3572615992350373,
        0.426352165248507,
        0.404855852631811
    ],
    "translation_loss": [
        0.3571159075302983,
        0.31998823843639335,
        0.2865597562540141,
        0.26077719765810214,
        0.24547342558869906,
        0.21625979069863582,
        0.20813974612783007,
        0.19667979228239102,
        0.19594465844350967,
        0.18614553862212782,
        0.18402074663153398,
        0.17532785753610755,
        0.1698701682494609,
        0.16881637120196266,
        0.16444050549651099,
        0.16368384439238168,
        0.16004456959233765,
        0.16035069231212834,
        0.1592798674642998,
        0.15655202699173637,
        0.15290820513750109,
        0.15178067807573825,
        0.14912260045725537,
        0.15039680654829618,
        0.14438765690955602,
        0.14493019784669217,
        0.14525913054765163,
        0.14515353012259063,
        0.14211971705557971,
        0.1413965791260187
    ],
    "translation_mean_absolute_error": [
        0.4058080947346938,
        0.38220376439882947,
        0.3627573963642247,
        0.3444639972891587,
        0.33083126265476526,
        0.30863701364701723,
        0.3026588004351358,
        0.2948427179990427,
        0.29350380105561635,
        0.2859738485278629,
        0.2839579641751771,
        0.27776838283819755,
        0.2730266310891528,
        0.2721188926343626,
        0.26911493281649934,
        0.26793718084914414,
        0.26622155787039653,
        0.2650958814434786,
        0.2642778334793123,
        0.262671352915798,
        0.259680534663537,
        0.25815958781227183,
        0.25642490586277783,
        0.25735876518410417,
        0.25220279737856166,
        0.2527975399213232,
        0.253630210984609,
        0.2533196054849845,
        0.24970608463831198,
        0.24899855905633633
    ],