{
    "loss": [
        0.3218867370929176,
        0.13748001992740305,
        0.10228255841864228,
        0.08240504279991143,
        0.0679775129040326,
        0.05824085982233807,
        0.046914708689517026,
        0.03857812335758296,
        0.034889096428849777,
        0.028782827872756683,
        0.025710920729709593,
        0.023167038948479483,
        0.022786745360332292,
        0.020902472560268233,
        0.01831897738094463,
        0.01779286682411915,
        0.016285388924885864,
        0.01691748826195645,
        0.014597263132146881,
        0.01666376399949458,
        0.014471519144277682,
        0.013784246106403032,
        0.013364306745934628,
        0.013558274737457618,
        0.012700733933763267,
        0.013766165788338487,
        0.014043519232625397,
        0.012496888692631531,
        0.011404545243467833,
        0.0115118695356559
    ],
    "val_translation_loss": [
        0.5059083880697999,
        0.44357147725226515,
        0.4383999005010487,
        0.4478436599065877,
        0.3838225638665137,
        0.4931569871861956,
        0.4411911022147081,
        0.5001094028021714,
        0.41870847420249024,
        0.48700027516898603,
        0.4480964503720092,
        0.4562131033950836,
        0.4575895143345049,
        0.4049018882656259,
        0.46119029715329457,
        0.4707535112573982,
        0.4275780952137932,
        0.43228951068432214,
        0.41533119842626504,
        0.4315353946595359,
        0.4459858574821507,
        0.41441628575909123,
        0.43315564025218667,
        0.4762105359183703,
        0.43610942997752744,
        0.45178821221313364,
        0.4296692928674358,
        0.4156719828691613,
        0.4285141632388447,
        0.4247618717027464
    ],
    "rotation_loss": [
        0.006331142883035191,
        0.004607454306987028,
        0.004570074965085868,
        0.004554011538100195,
        0.004547257535005723,
        0.004541836909236741,
        0.004537272024641098,
        0.004536139430861585,
        0.004535307424261667,
        0.004534854295239453,
        0.004534402940707671,
        0.004534336261398248,
        0.004534058411129317,
        0.004534089654202419,
        0.004533863154369247,
        0.004533767630018505,
        0.004533740585080324,
        0.004533974513937436,
        0.004533567456864678,
        0.004533533283711581,
        0.004533435002314487,
        0.0045334607324931,
        0.004533450445794037,
        0.004533385318250252,
        0.004533398010245977,
        0.0045334783969390585,
        0.004533349543478956,
        0.004533463612953792,
        0.004533416064666997,
        0.004533362386359142
    ],
    "translation_loss": [
        0.31555559459466487,
        0.13287256583802556,
        0.09771248338942601,
        0.07785103128076827,
        0.06343025543757973,
        0.05369902291275809,
        0.04237743664545507,
        0.03404198393374849,
        0.030353789043639567,
        0.024247973622335044,
        0.021176517751562693,
        0.01863270268688326,
        0.018252686949607532,
        0.016368382906901572,
        0.01378511426050071,
        0.01325909920238763,
        0.011751648322999523,
        0.012383513763106759,
        0.010063695676088464,
        0.01213023070801728,
        0.009938084135762823,
        0.00925078535473759,
        0.008830856280839959,
        0.0090248894231177,
        0.008167335903692258,
        0.009232687409764951,
        0.009510169697513629,
        0.007963425079302823,
        0.0068711291369141616,
        0.00697850714469443
    ],
    "val_rotation_loss": [
        0.0018595778083863607,
        0.0017502899435422636,
        0.0017816198804820418,
        0.0017270934253149897,
        0.0017157691426544315,
        0.0017115887678420792,
        0.0017112839059565926,
        0.0017111874745326847,
        0.0017094134243402785,
        0.0017101756701392579,
        0.0017129588066585762,
        0.0017121663624496855,
        0.001709450408062247,
        0.0017105727887721822,
        0.0017115719228180323,
        0.0017133077689656503,
        0.0017098731176271634,
        0.0017094848037313597,
        0.0017115005228418268,
        0.0017092288329452645,
        0.0017097726127969688,
        0.001710815636048377,
        0.0017106509602065288,
        0.0017097390451874814,
        0.0017092860960177345,
        0.0017113124056625675,
        0.0017095837263245111,
        0.001709695886410937,
        0.001709763405556771,
        0.0017104606276926715
    ],
    "rotation_mean_absolute_error": [
        0.020275448444622448,
        0.00822419120832433,
        0.0067161599531858,
        0.005984109802748346,
        0.005490842613503725,
        0.005030668023222552,
        0.004581563632473826,
        0.004381453538121386,
        0.0043078673536901336,
        0.004271647773949126,
        0.004223257314826919,
        0.004210436865083954,
        0.004166047919319797,
        0.004164708428556553,
        0.004124005902060862,
        0.004109191807347796,
        0.004088985233522218,
        0.004090726358048593,
        0.00406691156525624,
        0.00406635744227711,
        0.004052288776045078,
        0.0040503811060390036,
        0.004045804993753614,
        0.004040852449406243,
        0.004049233676049148,
        0.00403794579685443,
        0.0040314978138502695,
        0.0040394969958732155,
        0.004042518504516936,
        0.0040309955339691795
    ],
    "val_rotation_mean_absolute_error": [
        0.0095469167853143,
        0.005925968799422807,
        0.006941406074932367,
        0.004056017788088194,
        0.0035591501764531863,
        0.0029833665613781817,
        0.0027974078189965087,
        0.002719332972281175,
        0.0027019614862641597,
        0.0030333114842696716,
        0.0033762693248617737,
        0.002780210178317077,
        0.0028471314772181905,
        0.002670032524726224,
        0.002787540337342393,
        0.0028931013607481487,
        0.002660584806289169,
        0.002645234484645736,
        0.0027299898642956268,
        0.0026707425566952995,
        0.002673620818452295,
        0.002681708466631948,
        0.002679370374693123,
        0.002631771637822669,
        0.002761734253543051,
        0.0027623832424355644,
        0.0027249146232877063,
        0.0028084532000364508,
        0.0026480527366680925,
        0.00267186585415992
    ],
    "val_loss": [
        0.5077679659866607,
        0.4453217677227854,
        0.44018152027111973,
        0.4495707530238352,
        0.38553833230821444,
        0.49486857532059747,
        0.44290238610551275,
        0.5018205904962313,
        0.4204178875300653,
        0.4887104513154098,
        0.44980940851606155,
        0.45792527048855397,
        0.45929896448687924,
        0.40661246100313503,
        0.46290186904391795,
        0.4724668190345479,
        0.42928796781156603,
        0.43399899594566654,
        0.41704269953847384,
        0.43324462277525844,
        0.4476956287955732,
        0.4161271009109893,
        0.43486629124548026,
        0.47792027529131553,
        0.4378187165343982,
        0.4534995252034352,
        0.43137887623203097,
        0.41738167828189504,
        0.43022392657968894,
        0.42647233243991745
    ],