{
    "val_rotation_mean_absolute_error": [
        0.00449976435357768,
        0.004296208543705679,
        0.004713922554086755,
        0.0036219738109552375,
        0.0037057791368056074,
        0.0036774354006306885,
        0.003658433511332068,
        0.003560457277117765,
        0.003785168982062473,
        0.0038949041437492866,
        0.0036177546813775836,
        0.004064289439560286,
        0.0037425217912492844,
        0.0035843395219685463,
        0.0037005257030818988,
        0.003823468922505169,
        0.004085885548652466,
        0.004344711313456704,
        0.0035622667857708886,
        0.0037466152556002784,
        0.003719185911897064,
        0.0037187838081849814,
        0.00353901695928523,
        0.003770440988505364,
        0.003697106704152201,
        0.0036082220632952912,
        0.004125902102222061,
        0.0036024581446160854,
        0.003568299335933408,
        0.0037600382739658746
    ],
    "loss": [
        1.0047976513286447,
        0.4103551112726378,
        0.30002130958599665,
        0.21938892305708013,
        0.18372042263653365,
        0.15998660878875468,
        0.144567490553863,
        0.1375256440263131,
        0.1302940729896008,
        0.12319744658540745,
        0.11979550672109257,
        0.11100274106465881,
        0.10953533001102689,
        0.10536464256659099,
        0.10454239690035677,
        0.10055354906969274,
        0.1022957274575338,
        0.09587377771666479,
        0.09466965497466943,
        0.0943716108396594,
        0.08960525666767902,
        0.09201532491505533,
        0.08681334486103176,
        0.09057668330555192,
        0.08770124102344998,
        0.08461659667680273,
        0.0845295228982283,
        0.08083174608706155,
        0.08096476475339415,
        0.08168124334306819
    ],
    "val_translation_mean_absolute_error": [
        0.3776791861000018,
        0.5405460735209555,
        0.4965582321736084,
        0.3881542703963326,
        0.42799779954672873,
        0.43616827274820985,
        0.450758349071326,
        0.4412247252881907,
        0.44957741319484645,
        0.4331465059270461,
        0.39986087140012255,
        0.412860335331339,
        0.4467322408615151,
        0.43412531735553483,
        0.4357677856479987,
        0.39235533865647204,
        0.3602563344978286,
        0.39489488585233185,
        0.41790392453092173,
        0.42517258444377826,
        0.3915019292313202,
        0.4071333113278711,
        0.39174362733928514,
        0.42098609205224646,
        0.3835885656795874,
        0.3962709920287069,
        0.39986781703976565,
        0.39945671219782086,
        0.4278943200740022,
        0.43525095311865497
    ],
    "val_rotation_loss": [
        0.0037386416394272043,
        0.0037399259848509823,
        0.0037426381107607443,
        0.0037325336407920775,
        0.003733727714301897,
        0.0037326327152889752,
        0.003733257634710358,
        0.003732868361642859,
        0.0037330256518578746,
        0.003733701512145525,
        0.0037333664429760475,
        0.0037367259918547483,
        0.0037343135146065388,
        0.0037328730640137186,
        0.0037340705594863977,
        0.003733926739737003,
        0.0037372992263985574,
        0.003740508683573184,
        0.0037327957018552164,
        0.003733970986357868,
        0.0037339879151835824,
        0.0037341941517015334,
        0.0037326855983505635,
        0.003734470382830431,
        0.0037329627550755054,
        0.0037329566475307985,
        0.0037371216954340137,
        0.0037326888520463233,
        0.0037329438955557414,
        0.0037335244760889467
    ],
    "rotation_loss": [
        0.004395661353748301,
        0.0037518794131663306,
        0.003740481840257911,
        0.0037393888317296675,
        0.0037384771061159394,
        0.0037380018664472728,
        0.0037375852263815817,
        0.0037375038290017675,
        0.0037374700130160324,
        0.0037374787402010196,
        0.003737557389039848,
        0.003737551752444891,
        0.0037375404410184025,
        0.003737456406323201,
        0.0037375237016600625,
        0.0037374908226767483,
        0.003737506690497587,
        0.003737454426591135,
        0.003737507009224916,
        0.0037375240491229803,
        0.0037375069994063015,
        0.003737479272977285,
        0.0037375217706826745,
        0.003737578985238983,
        0.0037374973343674302,
        0.003737499218722877,
        0.003737484663646616,
        0.003737458572180094,
        0.0037375283829554928,
        0.0037375300188085296
    ],
    "val_translation_loss": [
        0.28780465441357517,
        0.6257793726104177,
        0.5116001397644163,
        0.343594815998265,
        0.42912861456671403,
        0.4469923916744412,
        0.4871617855275279,
        0.4728261518483436,
        0.4959019986900744,
        0.4624047741929619,
        0.4097334609773295,
        0.4394731998298764,
        0.4825191867029623,
        0.46784286025166116,
        0.5018612414735889,
        0.3944808113452486,
        0.3267018975780964,
        0.4086266751102055,
        0.45331799185235694,
        0.4619654840907139,
        0.40052926497046504,
        0.41381769508526034,
        0.3937599289919608,
        0.44750187314234596,
        0.3752320312352104,
        0.422129525686985,
        0.4303876570217814,
        0.4233740959689713,
        0.46190879598206536,
        0.5085212446815883
    ],
    "translation_loss": [
        1.0004019905613328,
        0.4066032320003949,
        0.2962808276822241,
        0.2156495342506669,
        0.17998194562606395,
        0.156248606861304,
        0.14082990537991752,
        0.13378814012113752,
        0.12655660292408538,
        0.11945996778454106,
        0.11605794930058451,
        0.1072651892298617,
        0.10579778957096642,
        0.1016271861247578,
        0.10080487315539041,
        0.09681605817090162,
        0.09855822079052215,
        0.09213632336944232,
        0.09093214789624948,
        0.09063408681230556,
        0.08586774964814643,
        0.08827784561614888,
        0.08307582305805093,
        0.08683910439615959,
        0.08396374375110535,
        0.08087909739746785,
        0.08079203817290956,
        0.07709428764355217,
        0.07722723630781932,
        0.07794371329993405
    ],
    "translation_mean_absolute_error": [
        0.726345265932745,
        0.4577768519599853,
        0.38551295991203965,
        0.32257142865480637,
        0.2899323424201799,
        0.2686955443506313,
        0.2535327245538655,
        0.2453178372036373,
        0.23842101765207296,
        0.23104863125641065,
        0.2280785975831456,
        0.21975441443221744,
        0.2172448957109559,
        0.21315230201384064,
        0.21159009983854055,
        0.20770408393075637,
        0.2093739510729371,
        0.20313129137169308,
        0.2011732862216288,
        0.20105550068108297,
        0.1963507391812948,
        0.19725215331811435,
        0.1927174116977176,
        0.19608227469446238,
        0.19309764434316545,
        0.1892790960191478,
        0.18984996091629797,
        0.18579590622228898,
        0.18549110596473556,
        0.18587308614603748
    ],