{
    "val_rotation_mean_absolute_error": [
        0.005049516842972424,
        0.004733898983109098,
        0.00386342075610738,
        0.003648041376081293,
        0.004019645588058976,
        0.003874114533760753,
        0.0035746996152877606,
        0.003892312086274553,
        0.0036067775071833646,
        0.003563992913803501,
        0.003907902732011002,
        0.003672574605463288,
        0.0038840247659485258,
        0.004033883512225259,
        0.0037444568154003646,
        0.003612489536575278,
        0.003587402374173575,
        0.003728586260052378,
        0.0037411115328893027,
        0.003692461957547254,
        0.004174218813007828,
        0.0035727856690606604,
        0.0036066018763491873,
        0.00422478073505579,
        0.0036161995779804743,
        0.00376452258694126,
        0.0036029888928972675,
        0.0035855204822472595,
        0.0037536006788819565,
        0.003642289258680932
    ],
    "loss": [
        0.3272781449796695,
        0.2552991928903469,
        0.22426701988332812,
        0.2041299640514439,
        0.1875930529343846,
        0.1793510305478718,
        0.16669749974835696,
        0.16377692862963522,
        0.15718965668966817,
        0.15264859147698098,
        0.1523887500047759,
        0.1455490467990818,
        0.14157900770616,
        0.14184240694701544,
        0.1362978077447635,
        0.13347763558449283,
        0.13719428477933898,
        0.13208021511740967,
        0.13256678472454966,
        0.1273404582447596,
        0.12724603428527606,
        0.12485594461071889,
        0.12429515184177632,
        0.12374481091840833,
        0.12444686026865075,
        0.12212114837433403,
        0.12186454764615266,
        0.12077127056551758,
        0.11942052698460351,
        0.12119864640179567
    ],
    "val_translation_mean_absolute_error": [
        0.3898437487084078,
        0.3929294756912249,
        0.487286811354402,
        0.3785757333684847,
        0.39235796416356306,
        0.399681699211114,
        0.3744964277462721,
        0.42511639825904823,
        0.42712495468493605,
        0.39581079883283427,
        0.4304569892450819,
        0.43404661685291623,
        0.4014914031862232,
        0.41556835544321313,
        0.4095822811411445,
        0.41633812934278874,
        0.39576560803026656,
        0.43937022037677576,
        0.40109082012814956,
        0.3942013873348918,
        0.4123362868751405,
        0.45301800889542404,
        0.4066002165024701,
        0.40965561443967485,
        0.42929372069823324,
        0.40343209036137523,
        0.39393244398216026,
        0.40072907623093407,
        0.4043292907638092,
        0.4007396416584398
    ],
    "val_rotation_loss": [
        0.003744398639533508,
        0.0037398735316088927,
        0.003734966760646994,
        0.0037328720327272666,
        0.0037354906774473263,
        0.0037336313752735434,
        0.0037325639972365125,
        0.0037359567087455097,
        0.0037328598019536544,
        0.0037329620550687346,
        0.0037355374398903105,
        0.0037338844740088437,
        0.0037358744504756448,
        0.003733954195829295,
        0.0037328478443402315,
        0.0037330011868964017,
        0.0037329509433193992,
        0.0037338509949213536,
        0.003734219360176546,
        0.0037333871383433584,
        0.0037373588226559114,
        0.003732988111021395,
        0.003732563963099196,
        0.003738754208509786,
        0.0037325271883447892,
        0.003734145741517171,
        0.0037331847716205097,
        0.0037330319490482783,
        0.003732886592047919,
        0.003733606086154811
    ],
    "rotation_loss": [
        0.0063098456796514,
        0.0037553877019641797,
        0.0037461385121050194,
        0.0037409375794942405,
        0.0037388366217200194,
        0.003738333717386727,
        0.0037379651112194106,
        0.003737731843064125,
        0.0037375992869575587,
        0.0037375284486903886,
        0.003737582209838988,
        0.0037374900038955553,
        0.003737513321077837,
        0.003737421759982092,
        0.003737483572083711,
        0.0037374731808085524,
        0.0037375439596250984,
        0.0037375638832916574,
        0.0037374634287393065,
        0.003737544796902954,
        0.0037375067822245133,
        0.0037374821632974774,
        0.003737429766130574,
        0.0037374959655283656,
        0.0037375279920515837,
        0.0037374758368080322,
        0.0037374273365659914,
        0.003737551606241264,
        0.0037374808373091904,
        0.003737456142293814
    ],
    "val_translation_loss": [
        0.32684766771921875,
        0.35669734187655533,
        0.5255588503003777,
        0.33619918298673757,
        0.3564164618946189,
        0.3902250718893365,
        0.35015317270554003,
        0.4307123173464232,
        0.4287646562209543,
        0.3822626222827548,
        0.4339990800359304,
        0.4692364596759786,
        0.3892544759626524,
        0.4116332894725025,
        0.39910194969977275,
        0.40826241487640624,
        0.3554066014107843,
        0.46424382255212926,
        0.3698555426285286,
        0.3616369950443317,
        0.3978070929357802,
        0.4668562924035829,
        0.3940132725934425,
        0.39768898490897425,
        0.43841084712748507,
        0.4019404809678274,
        0.37940364486592004,
        0.37469732382846344,
        0.39523119724866285,
        0.3707696017232079
    ],
    "translation_loss": [
        0.3209682995480171,
        0.25154380520238223,
        0.22052088129579342,
        0.20038902666765776,
        0.1838542162537112,
        0.17561269679547717,
        0.1629595347841304,
        0.1600391969718474,
        0.15345205747000398,
        0.14891106286185007,
        0.14865116773973044,
        0.14181155679107796,
        0.13784149437554521,
        0.1381049851210681,
        0.13256032424810837,
        0.12974016240548547,
        0.13345674085188577,
        0.1283426512610622,
        0.12882932121796245,
        0.12360291328711728,
        0.12350852751235365,
        0.12111846256851379,
        0.12055772215544668,
        0.12000731488016499,
        0.12070933236498801,
        0.11838367262597131,
        0.11812712032668739,
        0.11703371904313865,
        0.11568304610988837,
        0.11746119031996018
    ],
    "translation_mean_absolute_error": [
        0.3901440400250588,
        0.34046272966702273,
        0.31882625664218534,
        0.3016635868144706,
        0.2872249311381939,
        0.28127560325583834,
        0.2699339741508767,
        0.26677418459254276,
        0.2619814730413464,
        0.2565015611612493,
        0.2556702139196154,
        0.2509834631099,
        0.2468185747267714,
        0.24717415652718325,
        0.24207322620994345,
        0.23898828962339275,
        0.2419960135376504,
        0.23767098320367294,
        0.2386883879218828,
        0.2333407061720255,
        0.23275847780971043,
        0.2308569068134606,
        0.2301926618014836,
        0.22987531140474346,
        0.2298120318560005,
        0.22742140734955796,
        0.22730764452735805,
        0.2272710564186413,
        0.22502392067647126,
        0.22684999324100572
    ],