{
    "val_rotation_mean_absolute_error": [
        0.004043209780349432,
        0.0041119351382085546,
        0.004280161199425871,
        0.0037511638581647485,
        0.004430581990905272,
        0.0035819127674846297,
        0.0036996543435740725,
        0.003551340470111023,
        0.003880444840694167,
        0.003713278021419227,
        0.00367364286883616,
        0.0036011789348263158,
        0.0037042070237025934,
        0.0035954567253501392,
        0.0037536854024496,
        0.003579516704565615,
        0.003622155564917116,
        0.003778763728332088,
        0.0035859820066660546,
        0.0035832625173436152,
        0.003681348203433007,
        0.003936880723714894,
        0.0037862124286269206,
        0.0038691436500642488,
        0.0036602600517275153,
        0.003547668607169322,
        0.0037310474984507984,
        0.0035509626198613263,
        0.0036956742321236965,
        0.0038187463934416634
    ],
    "loss": [
        0.35577070535182354,
        0.2792595302112175,
        0.23202069603636338,
        0.20397797718989186,
        0.18917004719886715,
        0.171833691966889,
        0.161802135393589,
        0.14864616892624333,
        0.13760761449777376,
        0.13241033853047018,
        0.12921071036670836,
        0.12015615735015675,
        0.11700237628614783,
        0.11583460634611369,
        0.11344594476290241,
        0.11293648145665294,
        0.112965055182156,
        0.10997412214451123,
        0.10755520785645624,
        0.10936943807454054,
        0.1039471247634107,
        0.10258173866624076,
        0.1017668849083935,
        0.09995258045533569,
        0.10002599509888686,
        0.09836338917208705,
        0.09561025113820923,
        0.0960750144585273,
        0.09186944260233282,
        0.09290887582963114
    ],
    "val_translation_mean_absolute_error": [
        0.3969762510167249,
        0.34517076022669896,
        0.40364627248653057,
        0.4580755190619301,
        0.4245338246538729,
        0.40045370460901164,
        0.40193680444269614,
        0.46746414853161056,
        0.3910845677386139,
        0.4166203864559436,
        0.3843364994972944,
        0.44622289038988944,
        0.39533167057957364,
        0.4257011954196098,
        0.4198637535487106,
        0.4153235969618121,
        0.4013325859735188,
        0.4213609915017101,
        0.39682536725065576,
        0.4281098627803685,
        0.47360392058003226,
        0.43567669931640984,
        0.41685229826188647,
        0.3893499923375635,
        0.43909948198184084,
        0.43713781401325186,
        0.4551647391759508,
        0.4260671534110849,
        0.4168470483273268,
        0.44227485219708734
    ],
    "val_rotation_loss": [
        0.0037348375603933463,
        0.003740146024717689,
        0.0037358252785048233,
        0.003733211325861239,
        0.003738992131806643,
        0.0037328241667745968,
        0.003733780238649461,
        0.0037328610300905634,
        0.0037333753037880855,
        0.0037334898803936247,
        0.0037334958574874,
        0.0037326198241609465,
        0.0037327131280904657,
        0.0037330323813940876,
        0.003732861744052477,
        0.003733045685591686,
        0.0037325831555102495,
        0.0037329529699215683,
        0.003732871035823276,
        0.0037328343717415724,
        0.0037326551141360536,
        0.0037337454527617774,
        0.0037346295795641317,
        0.00373430552597309,
        0.003732619287707947,
        0.003732582317362509,
        0.003732921773085571,
        0.0037326974628132037,
        0.003732728592647844,
        0.003733062900938652
    ],
    "rotation_loss": [
        0.006080996169047787,
        0.0037561106174960343,
        0.0037473351822152577,
        0.0037413307412311986,
        0.003739019467586467,
        0.0037383412114683876,
        0.003737855017008605,
        0.003737804452167541,
        0.0037375556223309494,
        0.0037375392967772506,
        0.0037375550001148006,
        0.003737485661868094,
        0.0037375577473152126,
        0.0037376026610516934,
        0.003737465773679828,
        0.003737524080113532,
        0.0037375328591830893,
        0.003737404695863615,
        0.003737525899929556,
        0.003737469487435253,
        0.0037374223073487847,
        0.0037374490849137183,
        0.0037375890601954085,
        0.003737461163126643,
        0.003737437354188098,
        0.0037374561120103165,
        0.0037375149724229416,
        0.003737606726238512,
        0.00373747248009567,
        0.0037375171555346053
    ],
    "val_translation_loss": [
        0.38645000226943726,
        0.28829868603865405,
        0.3624228902302995,
        0.4990874977916827,
        0.4010265784841347,
        0.3749888502309769,
        0.38874519439134847,
        0.5154689672341431,
        0.384847097562604,
        0.40648729973955866,
        0.3653470401809973,
        0.4834163853240688,
        0.37510264575500696,
        0.4245453547827718,
        0.4345303533942095,
        0.4344418567904141,
        0.42190757967531556,
        0.4470725143092265,
        0.4020411017803908,
        0.45741092492979524,
        0.5550083636839549,
        0.4944530203479991,
        0.44651559144782493,
        0.38820188217378676,
        0.4869919708764849,
        0.4656495543667896,
        0.5481733732935192,
        0.4525755362512829,
        0.44453142853745414,
        0.48953980484102644
    ],
    "translation_loss": [
        0.3496897089850719,
        0.27550341944000634,
        0.22827336098207854,
        0.20023664644787845,
        0.18543102770955786,
        0.16809535076366658,
        0.158064280375601,
        0.14490836451221614,
        0.13387005887169295,
        0.1286727992695165,
        0.12547315533901712,
        0.11641867159081785,
        0.11326481845695031,
        0.11209700366748089,
        0.10970847921336224,
        0.10919895731164796,
        0.10922752229389072,
        0.10623671743841327,
        0.10381768197584956,
        0.1056319685362308,
        0.10020970240444926,
        0.0988442896827739,
        0.09802929582365941,
        0.09621511931437703,
        0.0962885577312469,
        0.0946259330350099,
        0.09187273611759494,
        0.09233740770609974,
        0.08813197013213657,
        0.0891713586414921
    ],
    "translation_mean_absolute_error": [
        0.40291031453987847,
        0.3547295740985503,
        0.32146669384052545,
        0.30050062842769926,
        0.28893847169943804,
        0.27525311301911204,
        0.26634155906096196,
        0.2550423134755019,
        0.2466356916463837,
        0.2403818461124542,
        0.23811421154418885,
        0.22915244932956758,
        0.22705699720928116,
        0.2257554356864952,
        0.2233510945939445,
        0.2218773350744427,
        0.22199220932434824,
        0.21908734890586853,
        0.21687574175259616,
        0.21900136747561602,
        0.2137637465100759,
        0.21123969951553584,
        0.21176403042249334,
        0.20931669940377118,
        0.20834795765740888,
        0.20725686238750404,
        0.20525969940409727,
        0.2048486024101765,
        0.20173194145412043,
        0.20195517052388148
    ],