{
    "val_rotation_mean_absolute_error": [
        0.0046796843619876785,
        0.0038971633538766913,
        0.0038500525367324142,
        0.004060757319757323,
        0.004122933587828065,
        0.0038497601681170912,
        0.003931627929812018,
        0.0035565171661171785,
        0.003919503495381154,
        0.0036811920050132453,
        0.0036359044920853062,
        0.0035934802936470373,
        0.0036608510159420477,
        0.0037272453074904074,
        0.0035849855835034194,
        0.0035731463281303295,
        0.0039973745244961025,
        0.003709605779957803,
        0.0037763108315950777,
        0.0036020150378087167,
        0.003894493066062637,
        0.0035949349131807386,
        0.003928164689012679,
        0.0035986122116953186,
        0.0035544495480813554,
        0.0035871898562425198,
        0.0036063203563102505,
        0.0036192837342511885,
        0.0035999666409219236,
        0.003722182009894363
    ],
    "loss": [
        0.34822321177762783,
        0.290361193815966,
        0.2544367222828225,
        0.229839753802231,
        0.20822318733300058,
        0.19743547869713743,
        0.18602133579646096,
        0.17177870336919035,
        0.17361028188633912,
        0.1656185633889963,
        0.15957296514590003,
        0.15788092449724658,
        0.1540059741809391,
        0.15505396775459385,
        0.14752480726305497,
        0.14234313602888493,
        0.14496469820356253,
        0.1386372698794738,
        0.14034069852195108,
        0.13999372442087826,
        0.14063113986889214,
        0.13444489400241635,
        0.13529014527291502,
        0.1328584505109148,
        0.13237129091660862,
        0.1289994291774088,
        0.12929681159833728,
        0.1260795404347581,
        0.12582356415440837,
        0.12292246322291893
    ],
    "val_translation_mean_absolute_error": [
        0.4370454148945029,
        0.3400858511472014,
        0.40355866726274325,
        0.3571292393210081,
        0.3690365469280923,
        0.36722327516495296,
        0.3662735166150736,
        0.36411499167197325,
        0.35534899057563385,
        0.386627606940782,
        0.36628597531459767,
        0.3794668805360351,
        0.36118871852905826,
        0.3474417246458953,
        0.3819290367004535,
        0.3869475769017469,
        0.3652649820325481,
        0.3663203593288131,
        0.36517227479432673,
        0.3782381503081499,
        0.38286358330224796,
        0.37475939308176504,
        0.36115545926777737,
        0.38545945003597093,
        0.3814744806182106,
        0.3563325636033483,
        0.3824023874140406,
        0.3562762943786547,
        0.3696969494207776,
        0.3786015632461495
    ],
    "val_rotation_loss": [
        0.003740389645722057,
        0.0037348496653691987,
        0.003734002096431264,
        0.0037351764209667556,
        0.003735913319618706,
        0.0037354764253552304,
        0.003733517331300071,
        0.0037329585629192292,
        0.0037336793525999173,
        0.0037326306449096953,
        0.003732890757753473,
        0.003733260672683009,
        0.0037325859054887405,
        0.003734070013603116,
        0.0037329381615368484,
        0.003732893586281773,
        0.0037367304250380314,
        0.003733924418633433,
        0.0037330103802637187,
        0.003733088648454575,
        0.0037337471276956565,
        0.0037326080119482823,
        0.003736223619744102,
        0.0037325729829950543,
        0.003732911688973872,
        0.0037326328255628243,
        0.003732553146831588,
        0.0037325276500075237,
        0.0037332921227313386,
        0.0037340774842734674
    ],
    "rotation_loss": [
        0.005631833445971905,
        0.003757315750345719,
        0.0037458950495636743,
        0.0037403649330255075,
        0.003739126465224091,
        0.0037385335532976226,
        0.0037378916431573127,
        0.0037377903989083802,
        0.003737720115301245,
        0.003737522977769001,
        0.0037376313049797437,
        0.0037374776861658324,
        0.0037375953291490516,
        0.003737467057555865,
        0.0037374384831843025,
        0.0037374343259619918,
        0.0037374465558824587,
        0.003737513546477912,
        0.0037375272868746825,
        0.003737482330046885,
        0.003737449606953256,
        0.003737461062463386,
        0.0037375490257625,
        0.003737489048631228,
        0.003737469517825441,
        0.0037375331003143657,
        0.003737607947804964,
        0.003737453116076383,
        0.0037376327115108635,
        0.003737452651136025
    ],
    "val_translation_loss": [
        0.4146134451588674,
        0.2566426733426894,
        0.354044019091121,
        0.2967801281127925,
        0.32735718756413873,
        0.32620635306383056,
        0.31164787966753565,
        0.3272085487199927,
        0.32212493424060373,
        0.36583480892273856,
        0.313556442655882,
        0.334187434933958,
        0.3166436445968514,
        0.2730135084997424,
        0.35443725022848205,
        0.3573557729321194,
        0.3735532210959985,
        0.32557885095846867,
        0.33771277863975724,
        0.35658482437684375,
        0.389996177467259,
        0.33915956890809396,
        0.33237414008474586,
        0.38312292628472466,
        0.36424513559589744,
        0.34035454578629093,
        0.3398610068721926,
        0.32259378658143917,
        0.35546993429356327,
        0.34566541263119827
    ],
    "translation_loss": [
        0.34259137809731366,
        0.2866038780974821,
        0.2506908273972935,
        0.22609938870034835,
        0.20448406095588836,
        0.19369694527244538,
        0.18228344420453577,
        0.1680409131013549,
        0.1698725617300638,
        0.16188104047846333,
        0.15583533375012845,
        0.1541434467763733,
        0.15026837882052932,
        0.15131650064654664,
        0.14378736869579342,
        0.13860570187403598,
        0.1412272517104196,
        0.13489975641810803,
        0.13660317128217697,
        0.13625624216697524,
        0.13689369026886897,
        0.13070743287950082,
        0.13155259624308455,
        0.129120961464635,
        0.12863382148865862,
        0.12526189612008182,
        0.1255592036831159,
        0.12234208722487132,
        0.12208593142319732,
        0.11918501055889888
    ],
    "translation_mean_absolute_error": [
        0.40151040597310617,
        0.36376289689355784,
        0.33828877973827015,
        0.3191753885592087,
        0.3028879644657681,
        0.2941390727300616,
        0.2848245051458098,
        0.2735420652168888,
        0.2729892168379925,
        0.26685764191320244,
        0.26216824535446565,
        0.2596657349512519,
        0.2576307212635321,
        0.25739107148883955,
        0.25194970468917344,
        0.24704613395414915,
        0.2492660839691948,
        0.2444311880571827,
        0.24486928105437358,
        0.24521014736985072,
        0.24458015600571334,
        0.23917649499973137,
        0.24025805107754855,
        0.2381129564525611,
        0.23721871180894868,
        0.2337451319125206,
        0.23441539207105613,
        0.23106253806960367,
        0.23143534271260072,
        0.22773084561923823
    ],