{
    "val_rotation_mean_absolute_error": [
        0.004747740117978352,
        0.005019063420626859,
        0.003976387398040877,
        0.003726711495753008,
        0.003672880092460263,
        0.003968261850398675,
        0.003766477664712878,
        0.003608487987218671,
        0.003582622089825255,
        0.003585457560306488,
        0.003783186275363433,
        0.00368930622525617,
        0.0035681604996941254,
        0.00388691156902133,
        0.003572981065087764,
        0.0036078505864523347,
        0.0037301800813997507,
        0.0038210166140857167,
        0.0037730126841586465,
        0.003947832217671604,
        0.003600892276818159,
        0.0035605099126773208,
        0.0036566127800395525,
        0.003551951890363706,
        0.003767789845635883,
        0.0037225108776481786,
        0.003642947312198889,
        0.0037048010040873426,
        0.003563586201042608,
        0.0036527115314579253
    ],
    "loss": [
        0.38070411048977854,
        0.3341245540593713,
        0.31237215570306637,
        0.28714982444576664,
        0.2742635981494169,
        0.2595216066333329,
        0.2498645611377255,
        0.24224129913601186,
        0.23266545056578983,
        0.22173734631531747,
        0.21335049491966906,
        0.20639873693799482,
        0.20603983049901822,
        0.19864726927691986,
        0.19404010584571987,
        0.19320466204135106,
        0.19129676333156012,
        0.188914954764897,
        0.1851181788108017,
        0.1824935883933168,
        0.18164253559392618,
        0.17768404084987416,
        0.1750921151561726,
        0.1716305203379909,
        0.171439006728132,
        0.16742721293442892,
        0.16723860237023727,
        0.165513201596684,
        0.16166909111193095,
        0.16201421825624032
    ],
    "val_translation_mean_absolute_error": [
        0.458871271294164,
        0.4380956333874074,
        0.38861266235304864,
        0.3938896378636708,
        0.366056177112612,
        0.36035538712148646,
        0.32822579002470537,
        0.3587271490701793,
        0.34589842960807926,
        0.34599960121403267,
        0.36835190072465857,
        0.38478938039716515,
        0.4060283917656876,
        0.38194719060757165,
        0.3703143464741465,
        0.42165226476848316,
        0.38413544026086793,
        0.38450681238045675,
        0.3890703456909366,
        0.37312143169058737,
        0.4099753111296367,
        0.4053151893356297,
        0.3936658257424768,
        0.3659728301012782,
        0.38448735056227495,
        0.38109591744460497,
        0.39754275363255015,
        0.4153118453714245,
        0.38733100951817323,
        0.40553529912728475
    ],
    "val_rotation_loss": [
        0.0037409806087444464,
        0.0037439599275217246,
        0.003735711874572754,
        0.003732981328958542,
        0.0037333034920735996,
        0.003736034615136253,
        0.0037329011013511907,
        0.0037333148056714225,
        0.003732548367185472,
        0.0037328929513136934,
        0.0037330356952772078,
        0.003733589733225085,
        0.003732527529087859,
        0.00373583289737006,
        0.0037329920675469555,
        0.0037329324740667147,
        0.00373279261134076,
        0.0037351476889398087,
        0.003734511289681678,
        0.0037365509326392887,
        0.003732692085850312,
        0.0037328663502318184,
        0.0037326325837458516,
        0.0037326591354937904,
        0.003733887644226838,
        0.00373409548365221,
        0.003732544440956622,
        0.0037327212017803685,
        0.0037328074447401144,
        0.0037334457304485555
    ],
    "rotation_loss": [
        0.004694494900649108,
        0.0037512360822064598,
        0.003742936694431932,
        0.0037396171039494287,
        0.0037387925403726393,
        0.003738233938795201,
        0.003737791290550028,
        0.003737651963177553,
        0.003737613205125295,
        0.0037375797449160733,
        0.0037375896599631817,
        0.003737493507844422,
        0.003737508320730977,
        0.0037374574622235663,
        0.003737507968218627,
        0.0037375660101455796,
        0.003737534201402869,
        0.0037374716547768543,
        0.0037375231565374384,
        0.0037375257657072717,
        0.0037375525927498755,
        0.003737523143434344,
        0.0037376045019466542,
        0.0037374967800764326,
        0.0037375017546829163,
        0.0037375402811964625,
        0.003737440859058652,
        0.0037374805504241473,
        0.003737484444030585,
        0.003737478683575553
    ],
    "val_translation_loss": [
        0.4337355784382781,
        0.4327190525936321,
        0.359697323691173,
        0.3585846600888471,
        0.304819163767351,
        0.31940267524874033,
        0.24620979749488855,
        0.3168538123756774,
        0.29386353722431535,
        0.30277249716828336,
        0.31323265738344325,
        0.34863813704726504,
        0.4051484860358226,
        0.34377971791062034,
        0.3246197623969155,
        0.41398505514933515,
        0.3576735773263697,
        0.33588359053686634,
        0.36466015534889573,
        0.3240005637194285,
        0.4091480083936863,
        0.36549963004370034,
        0.34770836427312485,
        0.3164391213814943,
        0.351974182140397,
        0.3593006483342814,
        0.3930431065506637,
        0.42696254556151325,
        0.36860817130386875,
        0.4018297926488188
    ],
    "translation_loss": [
        0.376009615631517,
        0.3303733181926143,
        0.30862921897041157,
        0.28341020746383966,
        0.27052480581309446,
        0.2557833727672617,
        0.24612676989308888,
        0.23850364721901202,
        0.22892783737480404,
        0.2179997666860533,
        0.20961290545170363,
        0.20266124343901434,
        0.20230232201014386,
        0.19490981172580438,
        0.1903025978091598,
        0.18946709598547082,
        0.1875592290837567,
        0.1851774830753755,
        0.18138065553347396,
        0.17875606265248267,
        0.1779049830872075,
        0.17394651773518185,
        0.17135451067409097,
        0.1678930234760659,
        0.1677015050946618,
        0.16368967272769344,
        0.16350116148307295,
        0.16177572117675484,
        0.1579316066322955,
        0.15827673966225214
    ],
    "translation_mean_absolute_error": [
        0.41755779226352074,
        0.38991726736781324,
        0.37589502332617397,
        0.360154289273731,
        0.351109257541328,
        0.3412830438939439,
        0.3322367234523319,
        0.32678974792954457,
        0.3196395145820141,
        0.3109458160770547,
        0.3048461289847005,
        0.29986457981667514,
        0.298548845623693,
        0.29285072252913646,
        0.2908236756288069,
        0.2887180423178174,
        0.2874670951961364,
        0.2863796638570046,
        0.2823296579059743,
        0.28094191778641026,
        0.28052167004199735,
        0.276368416968393,
        0.27490438519128757,
        0.2723169029114922,
        0.2714247334028758,
        0.2681117304610662,
        0.2672646064825372,
        0.2669660650003868,
        0.2627425093951214,
        0.2634304064205371
    ],