{
    "val_rotation_mean_absolute_error": [
        0.004430640959622084,
        0.004128140385969316,
        0.003981287148515417,
        0.003856165890675582,
        0.0037529455886097358,
        0.0040811134637985975,
        0.003729308388711768,
        0.0036468546794437766,
        0.0037344084278855376,
        0.0036691154113167655,
        0.0036350186218308865,
        0.0037496574725870454,
        0.0037289760064541542,
        0.0036705377461598056,
        0.004058222424769957,
        0.003592193905167312,
        0.003791544833926201,
        0.003720991991542753,
        0.003684143357215184,
        0.0036835925182230737,
        0.00364213213008174,
        0.0037702404839990685,
        0.0037499230101277247,
        0.003844014986496292,
        0.003610510632622272,
        0.0036286693574517008,
        0.0036815276419565443,
        0.003613619613193639,
        0.003661304170089935,
        0.003589609373898335
    ],
    "loss": [
        0.4170627544867369,
        0.2592475178647557,
        0.20213998451279258,
        0.1732010709447094,
        0.152548630455669,
        0.141258189062669,
        0.13477428509710918,
        0.1271884106037814,
        0.12029572471473544,
        0.11348336224489688,
        0.1094649335913975,
        0.10465872447357875,
        0.10411857472717338,
        0.09869833516907105,
        0.09893026504237522,
        0.09324104785513837,
        0.09059685498469602,
        0.0926261830490652,
        0.08765026846949521,
        0.08433041873836847,
        0.08263072719319967,
        0.081941893941183,
        0.07945019051781362,
        0.0782016984184842,
        0.07744696994748108,
        0.07805929729432479,
        0.07733247081350957,
        0.07328321605335254,
        0.072797007232681,
        0.07182523929085158
    ],
    "val_translation_mean_absolute_error": [
        0.38068640742237403,
        0.38862238834254176,
        0.40704573670524763,
        0.3856783966452769,
        0.406442657488768,
        0.36811453285538087,
        0.3951462068102637,
        0.40227395264064053,
        0.4169830333267491,
        0.43921187183485544,
        0.3612824518583525,
        0.47055623380787626,
        0.41997570212685253,
        0.3788052044379784,
        0.3779371522817832,
        0.36913602667091505,
        0.39376124286245073,
        0.4112574310079533,
        0.3790061429910156,
        0.3672432106328365,
        0.44147300265428874,
        0.4041323471051145,
        0.41237416143297767,
        0.38545085285293956,
        0.4452677604499137,
        0.4083957666819895,
        0.4548484137847292,
        0.40303479385761953,
        0.386981779737141,
        0.4265473030464063
    ],
    "val_rotation_loss": [
        0.003737249650854427,
        0.0037350778078337793,
        0.003734578672215258,
        0.0037377552217896545,
        0.003734896273023314,
        0.003738250057211489,
        0.003735182329191787,
        0.0037342856183273424,
        0.0037350459497934364,
        0.003733597101643551,
        0.0037350713531982696,
        0.0037359284161901348,
        0.0037363637872223202,
        0.0037333543102717097,
        0.003741604414284226,
        0.0037335897056115386,
        0.003734622416646754,
        0.0037340732491252526,
        0.0037347945398246113,
        0.0037344752310645357,
        0.0037342771916902707,
        0.0037331520381513657,
        0.0037350140994498334,
        0.0037358729075335877,
        0.003733278480361259,
        0.0037338564804800297,
        0.003732998243904966,
        0.0037333428990067594,
        0.003734328800901243,
        0.003732906643012173
    ],
    "rotation_loss": [
        0.00550743504929757,
        0.0037539369846668566,
        0.0037429334035074965,
        0.003739304163753673,
        0.0037380643116148716,
        0.0037376268657587143,
        0.003737396647950619,
        0.0037373863001857904,
        0.003737263829671117,
        0.003737334782218055,
        0.0037372122405011235,
        0.0037372471437336543,
        0.0037371295500661173,
        0.003737006950939754,
        0.0037370897718388735,
        0.0037370260838755867,
        0.003737223312702197,
        0.0037372201475960676,
        0.0037371411061173803,
        0.003737125840842333,
        0.0037369458785825958,
        0.003737122382044297,
        0.0037372581038267808,
        0.003737206733775408,
        0.003737119737840649,
        0.003737168298394406,
        0.0037370067663913043,
        0.003737151428398737,
        0.0037370642328847657,
        0.003737145614604552
    ],
    "val_translation_loss": [
        0.31363588690732047,
        0.34274867234970074,
        0.38527581144226597,
        0.3555543848586263,
        0.4057381404104055,
        0.323140433823076,
        0.38929336658785724,
        0.3885807847076332,
        0.436438455028759,
        0.44531241772007274,
        0.32923930793803635,
        0.5212472803006962,
        0.42697061441177325,
        0.3514756494423212,
        0.3339587947941482,
        0.33847835769228274,
        0.3844540035760553,
        0.43408168546152015,
        0.3798089477806644,
        0.35159643861042994,
        0.5281353395092627,
        0.43842062609460036,
        0.45168583589492783,
        0.3799434874635368,
        0.5460327739133168,
        0.412524521089853,
        0.5769892321609608,
        0.46641843990499904,
        0.40660821137450054,
        0.5108643315147684
    ],
    "translation_loss": [
        0.41155531977880705,
        0.25549358097864056,
        0.1983970511549463,
        0.16946176680832145,
        0.14881056607918391,
        0.13752056217792932,
        0.13103688852686035,
        0.12345102437608232,
        0.11655846089638786,
        0.10974602747882564,
        0.10572772139360567,
        0.10092147723564011,
        0.10038144516362166,
        0.09496132819110037,
        0.09519317534909388,
        0.08950402179284064,
        0.08685963165317513,
        0.08888896285532034,
        0.08391312733930269,
        0.08059329288008657,
        0.07889378128748539,
        0.07820477157523717,
        0.07571293247827564,
        0.07446449169765015,
        0.07370985019173484,
        0.07432212900494437,
        0.07359546404816368,
        0.06954606464332871,
        0.06905994301211017,
        0.06808809372315909
    ],
    "translation_mean_absolute_error": [
        0.45272864607576035,
        0.3499250730772497,
        0.3064367847829551,
        0.2805259439445668,
        0.26060807860936896,
        0.24892266640032298,
        0.24236756568525436,
        0.23397185334900192,
        0.22727091352291198,
        0.22076232353672226,
        0.21693533401335185,
        0.21111927034171207,
        0.21112121483251736,
        0.2052009892867455,
        0.20417767644992332,
        0.1988311261432977,
        0.19615337065858035,
        0.19667886465495243,
        0.19178615602607307,
        0.18864941980883543,
        0.18640502622339186,
        0.18546385477512536,
        0.183390843525782,
        0.18159641996184225,
        0.18026091644714434,
        0.18030447973187563,
        0.17995263047955312,
        0.17606488247490992,
        0.17548438687185952,
        0.1738814959597167
    ],